engagement,purchase_frequency,price_sensitivity,trend_sensitivity,conversion_rate
0.7894085475420218,0.7852355095063283,0.8078581960489204,0.8745377721866621,0.06299286900102474
0.6751124257891867,0.9818833280940261,0.7034194102408091,0.6618102853874347,0.08421925317137928
0.8165839368581246,0.3202864852361717,0.5131186813824383,0.6190881786524308,0.058303203160001545
0.9741453741534445,0.7125938473381142,0.35767390890477374,0.7494600868142477,0.07768153881443839
0.6578523925497994,0.46987148617563457,0.6536091289949898,0.7227704603960114,0.01425541332184857
0.6578553477491474,0.5025749232470608,0.5865667847927849,0.6774835121076359,0.09853174829491754
0.9842583067913304,0.4815212151522261,0.6969425084061012,0.8614219915930744,0.09004821901448896
0.8381382512475235,0.42720184606403677,0.6397377963700333,0.9028488333712817,0.05731645475727237
0.6154946105317086,0.6097043255889654,0.7309015973702537,0.7641451018066956,0.1163698267372962
0.7976608078454736,0.4338099767177924,0.382248253456675,0.9864048129688419,0.12750280550506232
0.6165848152937567,0.6540913651559678,0.7898266944395517,0.5673297417386391,0.025697605425241035
0.6161686443573537,0.5899523781101725,0.5434719130323279,0.7190144865152451,0.059491008857351424
0.7435532088818861,0.5522103906267181,0.9565573919775584,0.6353084287035512,0.05923430600850807
0.3556095559615963,0.4184872675916804,0.34837868002029504,0.4513541412683104,0.05240387595564541
0.38951479014765406,0.4846457338863334,0.8819120366963549,0.7367710902651681,0.12317899367726994
0.5987882447366248,0.7510782451651512,0.5435403723617825,0.7305203986586747,0.08224695444908786
0.5176903983398037,0.7001834375248761,0.3566880392048214,0.992151958918741,0.07941940634757556
0.7565645198671492,0.40448895104028976,0.39354511650804924,0.8509298695287644,0.01
0.536555666406182,0.6198664610858452,0.42952359219724956,0.5861301081073272,0.11541672120836904
0.4457853337596475,0.7502774246743578,0.5933165082084216,1.0,0.040429664205861096
0.9638167784058796,0.2661189437757256,0.6150238073678099,0.9453653912840565,0.09239730521065313
0.6593602659124236,0.708672038475987,0.3737859991335126,0.8431356325549786,0.10109507751832766
0.7121550768438263,0.46747524821083064,0.4946419897025838,0.7137625441840268,0.14442634383354602
0.44354532648157774,0.7141197337186318,0.97129947889461,0.5964897221242432,0.03764718403523551
0.6020111095854671,0.44734816869149663,0.8800594974221565,0.6904469158286315,0.01
0.7199660661477758,0.23902357986709616,0.595991207328287,0.9241997791526697,0.09735398179014779
0.49282115606398547,0.27449151242336745,0.508360765197004,1.0,0.16202044726043413
0.7676256433022209,0.6096169893322764,0.5264068918780175,0.9969189645235502,0.13955785411757748
0.591885035814615,0.6519445003442963,0.6349739540006917,0.6717840925141961,0.09838637661098502
0.6474951250372102,0.4191366749791182,0.2749856356563508,0.5708612106737582,0.0703345525747181
0.5916928097987085,0.7277184917554748,0.4433771617668641,0.7725417995057926,0.12228490386549241
1.0,0.267695987546208,0.13291150374693034,0.46704970150994374,0.05105815201182125
0.6975704995471719,0.5867840402705367,0.5878290869731615,0.801706834269565,0.10905431077424876
0.5096120327879379,0.3577967600475086,0.6423831067346031,0.726383586192213,0.11021880636666508
0.848058084178574,0.46963277843956813,0.3936989782941377,0.6754341597010812,0.13240839629995518
0.48024814300521596,0.6094797342632828,0.8462770879238073,0.49484750923731274,0.2003864015564431
0.7375954471008559,0.4279173269432095,0.23033155413948492,0.8321760170511546,0.10569663868715068
0.3472593777016404,0.5230888911540349,0.17783752635383954,0.6647678656540942,0.06964145497170005
0.4609265111982825,0.8012585618428881,0.5493794000831939,0.5628133062863538,0.08897702751232021
0.7354350224564422,0.48462162609537024,0.730361626574674,0.2904380458749361,0.019236963804435264
0.8329239843991738,0.7671384224130283,0.8704640921207312,0.7455976151918982,0.062211474756437665
0.7308462906141946,0.3740586290684763,0.3990454621688332,1.0,0.07362870247547584
0.6791833091701167,0.7059608355830566,0.7373097833548851,1.0,0.0690364640826163
0.645801334793928,0.88831372413158,0.4915281367098444,0.6768645989461965,0.09609419488134888
0.43386604173386306,0.1056710999745421,0.4620219940130197,0.6536460703421151,0.057103202704711975
0.5704280424889524,0.44062094890590464,0.6944051862470679,0.8250038809720038,0.13484122669297885
0.6170850212272382,0.715414425436108,0.6435110332509524,0.5902583297298734,0.09000828259672788
0.8902820007194048,0.5593909227914015,0.15319372546346516,0.7982867039711146,0.08962798715445543
0.761851292122323,0.6742291746742617,0.824838876939697,0.8725728445415505,0.07688421133948328
0.3826527720347079,0.4792029626568359,0.8036200979124393,0.9463093158214892,0.09620762735435916
0.7583351144910631,0.61731795749458,0.3623762056679035,0.7339753477632076,0.12300393058670539
0.630685189525063,0.5688645529215841,0.58707677735623,0.7174121999716855,0.05531479137156398
0.5781540399449274,0.8335564123319614,0.6086866409822025,0.6095227861189503,0.06367534043698973
0.8101017319913562,0.6508841686602426,0.5573482284812595,0.6176991433536224,0.07785095884893341
0.885579914049271,0.6675205324150404,0.37893286615400756,0.7137633772957557,0.0361651630610714
0.8676304214409156,0.5176246067755065,0.3522428590536286,0.8087784810905885,0.057229685611140085
0.548940845819925,0.5024787551855012,0.494378104381882,0.8961735401973199,0.07095116505821364
0.6443417723467814,0.5134883624360758,0.7580003842370602,0.6214913678911448,0.1249755672285091
0.7596274176526414,0.6788904284756594,0.6195920340107751,0.9888301710335234,0.100502453160077
0.8755981228820247,0.5158031038359474,0.4184648469410567,0.706620223833189,0.09774359645470176
0.6137486371878478,0.6579549713792826,0.6697737163426358,0.7465812329042503,0.12403591848671888
0.6665813842005128,1.0,0.0,0.6304461313363483,0.08450512846402414
0.5008597046789149,0.7742249406863384,0.7527284540818628,0.3621215583563293,0.10561859399715558
0.4846828076654792,0.5347952935664317,0.11726296866881808,0.8914472634177679,0.08587112988270015
0.8462546480309556,0.840242784432789,0.4202629928913109,0.8678950235347893,0.10061449397598514
0.9441232051427481,0.5183849253956897,0.25367262318224837,0.7049875908610859,0.06668965369553671
0.6870381781155399,0.19237509296442917,0.21517007534140076,0.7607185147559795,0.01
0.8806359216205644,0.3983827378165191,0.7553818932232743,0.8325502748326559,0.08462883351254782
0.7650944845085741,0.2258416157948288,0.3971057357113839,0.49999266289815314,0.1469099254439976
0.5838784441710776,0.5296973031917382,0.5762308539807575,0.6653515716245928,0.1270486160896637
0.7650512089915145,0.6036836758379103,0.4896774726465795,0.8770823487394923,0.12861589938364681
0.9768465819638744,0.9352874624550566,0.6049489819890868,0.54931369229292,0.13944522887224872
0.6935513129602087,0.6653854747528325,0.5169008160332562,0.7969692691466607,0.09354630363845749
0.981635858046521,0.5561798942382271,0.21774171067851467,0.5329469112602552,0.09789262829622382
0.22844588126384596,0.7658811162366979,0.7191787002783708,0.8246287971893642,0.06529392418262599
0.8479424507875403,0.15777293819842292,0.39137355170451127,0.7442973628324027,0.077357085758918
0.7156684722828708,0.6471229116217132,0.1575519822948548,0.4915789094551185,0.11463084599084566
0.6461786769161438,0.7541730387773934,0.40581466458749926,0.9363582967131474,0.13815537748675266
0.7165169397763904,0.30428275084403167,0.8301671539395483,0.6324653477123121,0.08442214897276001
0.3422375953718393,0.8287508086413858,0.6870487832649684,0.620359610077699,0.07199242940594353
0.6604590601892478,0.6676992814988828,0.423296530430271,0.7820910715569509,0.0900211183542639
0.7642802628721144,0.5169424172198397,0.42316330504994565,0.9337819759085945,0.11404826995716459
0.9660209280534728,0.726556373221257,0.4292402887321758,0.5874685089634565,0.032245807354658325
0.6067113607107434,1.0,0.956884556383385,0.7598687759756755,0.01
0.5544711514792262,0.6363732510116991,0.5840257994909417,0.8186106400528916,0.06797852602033666
0.6096837321547834,0.6496441172600672,0.5946091623820353,0.860896897162103,0.04117150296343365
0.8647723811863732,0.5081278200919511,0.7266623598870052,0.778230648844356,0.06967439209410756
0.7591751997387431,0.43003112610704164,0.552533614985833,0.6912755457466684,0.08408878724730114
0.604643163321933,0.7660671633088492,0.4430107279194453,0.6175855646962048,0.07187006363907947
0.7923881379604041,0.42878323481822656,0.4568030332013048,0.7637830212874199,0.1480987013788298
0.7174739588826472,0.6143132474438785,0.48424772292890594,0.5784577580823029,0.1030697905840928
0.87435609829592,0.5044685106469766,0.49181110796783484,0.2825839226408628,0.10201897438443314
0.5736304431020766,0.6957959651492783,0.6600784996001355,0.8198495686652268,0.11488828576173607
0.6410208136124017,0.6667324210573896,0.5114280948776059,0.8946295745737912,0.04444667528876923
0.6294205324362115,0.8075079888515798,0.6611808169874274,0.3719308103133058,0.13156447149681075
0.4365673093362186,0.49799672022905056,0.4822423523761119,0.5884430872464099,0.0869694285385816
0.7533016498716236,0.5460250129413258,0.51729974186954,0.8490646817608316,0.1168192246896485
0.74698994899238,0.40424725684353846,0.0603958494029363,1.0,0.04712571067839378
0.7009204221956429,0.5111413479847776,0.7015920884345459,0.7533269932280653,0.027849649359357423
0.6577743159924735,0.6754600986089704,0.5762274646975584,0.6335195294033384,0.12271558632100114
0.4452332664309254,0.7513977233290704,0.7195622241691235,0.7207365694232256,0.10505638104390067
0.6242838419022353,0.41556693516447485,0.0,0.9699802270637096,0.05391793782569958
0.6383113870251814,0.773921184021132,0.9594424350517601,0.6466457313400743,0.05521347674901222
0.5555900915401085,0.8711275717609901,0.4692902818058618,0.6221292789359594,0.13501739137659077
0.6709685719001183,0.6826869806447402,0.7438002196822536,0.6727610364508748,0.04242352428530688
0.7727291542266168,0.9753591625116131,0.2712206960323832,0.5974674226786061,0.15570691813023851
1.0,0.44524216017928536,0.6348102591137653,0.7696272505591673,0.053975170614085244
0.7314240063097309,0.3510690593377166,0.26824857610179564,1.0,0.11553567702433531
0.7463590703300975,0.24425595021914426,0.3627708286469229,0.8016926836985646,0.07685526097004061
0.6865997351620898,0.8992088622978366,0.921086897850693,0.709623439659794,0.11412749724329371
0.3546211812461725,0.7308731312708115,0.45804987183206375,0.7033101969735129,0.0682354399154323
0.6952275024191409,0.588883065817909,0.547835232099539,0.4998894706085349,0.08348828375710823
0.7108414377893847,0.655993725263964,0.6914149007515259,0.8912975643435455,0.09163676701582885
1.0,0.3749021905403247,0.6090500153539731,0.7375460484779517,0.04991250176874109
0.6653750263393979,1.0,0.5330921591315868,0.7211232138254999,0.11963297381680503
0.7542785216200502,0.6258442363950455,0.5802914205425695,1.0,0.06947145734113659
0.6937518814530561,0.6218789589209786,1.0,0.7978004653385098,0.08085600338639926
0.4896379532284842,0.7451533247797384,0.48732386465261124,0.6297134319847705,0.05022602501565951
0.9057081066127036,0.6962018463473426,0.5442417902772928,0.6817827846071131,0.01
0.8353479458836193,0.6447768048558262,0.7311439671216746,0.9337513134714808,0.08235888949599324
0.8423857504677483,0.4419051089109376,0.7432157052507564,0.7681232656860423,0.18650461686451664
0.536310258136947,0.6942936714271991,0.7611466672232836,0.5198755234692214,0.12138417151592096
0.9525029759684978,0.9764048992950067,0.6405206488464206,0.8970766295320326,0.08922958481062421
0.4476668086973894,0.8690840092309955,0.2485389191992936,0.643096946313761,0.07948436683166929
0.8056342768840487,0.9186373253278795,0.8593549371062411,1.0,0.09089863571248186
1.0,0.49775686471376296,0.24780401353588866,0.9228076905143437,0.1118847646070084
0.5217034614764761,0.40207903594828376,0.5665798023525873,0.6784284966945998,0.0427674873876462
0.5980664086715011,0.5748426159800704,0.33405931299574126,0.954962617877618,0.13457286778675487
0.7179372457157753,0.6111449824577389,0.4858895637495416,0.7608568816843845,0.11861525261764976
0.6093743822590841,0.8188383036941898,0.5723277302667656,0.8864437880195551,0.11872742902831737
0.42088058240809606,0.2615070740570361,0.5706985873990601,0.827557250767116,0.10753902955238909
0.7123413354650848,0.9059100638921227,0.5928225659317626,0.6145829352014602,0.0907846663077596
0.508785331529301,0.5683984202842021,0.8550164791929024,0.647032026829206,0.1169144494386728
0.7852466375143327,0.514623786010516,0.5997775463330756,0.9147937308129858,0.11367256534965511
0.5345036378379154,0.39757912494796643,0.44628554023605727,0.6964359468629535,0.07583837156235905
0.978988192903157,0.2690286656268461,0.7120991770234386,0.6854162458812805,0.06705592908412396
0.5590144073794773,0.7646341167923829,0.761683507563421,0.5971803873041035,0.09407425181047946
0.6420289270829783,0.6146635934376807,0.22992628066986165,0.8177758504949537,0.1519608060598075
0.8464330991265405,0.3420078200517892,0.6314280153669688,1.0,0.04043571697384396
0.47844442304188806,0.34098424558727675,0.6542580033083977,0.5791947337193164,0.03129898936990239
0.7409427882287433,0.5328430601419744,0.43453602926080176,0.7538751130676413,0.09659043364946067
0.935285695770837,0.9338043050578786,0.8026554989285564,0.9759552888664687,0.09203550807424071
0.410653017778979,0.548081729727279,0.4669877708528441,0.7372573774006855,0.09693366657481632
0.7332340945358147,0.29937140937637874,0.5276268197637393,0.8223794873999575,0.09975812791634
0.7467789029647162,0.5508513871828111,0.4619241986575487,0.5800170354964993,0.0810719098146078
0.8407281169199158,0.5454552860504659,0.5034273904679228,0.8185291355532238,0.14959453754408328
0.4773488720419452,0.06062267141168565,0.2588194808830556,0.7200569175992722,0.025963840860939377
0.46231780964483027,0.5891410266964375,0.18318880582925523,0.907716799308778,0.05686011900879016
0.7939494818110415,0.5538130939582644,0.8507911139094939,0.9399817682503602,0.0858698095940381
0.7534572411819734,0.7392412729626836,0.3136685033699679,1.0,0.0242724475538333
0.7450887130622578,0.9697912189890691,0.2818936831196124,0.8427413077141721,0.08296582382271715
0.7623606777094556,0.8253130059095515,0.026254175007182745,0.8021274106531466,0.1564588066291207
0.5775955501158716,0.5462222618890339,0.3594284155083095,0.7811014882523738,0.09083545953183847
0.7418056654889806,0.3786948182516659,0.20892024545035037,0.6934933931502899,0.09922803622874733
0.7527530451937626,1.0,0.8612433352300012,0.8041574149538706,0.03959340939309679
0.5714167447552537,0.6118436868028976,0.7221597596553795,0.7027357743777553,0.0653455436784209
1.0,0.6027858583825892,0.34860692406090077,0.7769537562031383,0.07499214478704251
0.7852899257641217,0.5951749825779993,0.9955358771757479,0.9608156056972735,0.07729139612975064
0.4855653705035232,0.639616952153571,0.7159884071381507,0.5889531895552574,0.14126575180015075
0.8181796495540893,0.5711279176152115,0.42853709562810305,0.9323805697806473,0.11230764242900498
0.5245572993590821,0.48526759862395275,0.0,0.9607384107743784,0.04554168172251872
0.8416752286736413,0.49062821175192156,1.0,0.7311090356814274,0.09986019113728019
0.9085472042213327,0.5934493459568003,0.19429405731200888,0.41050321615862484,0.1099288699398714
0.5522771826966921,0.491315045773247,0.13801227566948382,0.6527484820648908,0.13560596154085067
0.8734077032639779,0.4574308434645671,0.7249654950421208,0.9575191274497775,0.15322162746273493
0.7743005668485696,0.6212860455383793,1.0,0.7463411100321788,0.04939623232688525
0.8479708287990082,0.5490045565158289,0.8045400200723141,0.5901116428328143,0.05756569955158647
1.0,0.9007985977165377,0.6240600064115192,0.6692360126034852,0.03969688564341534
0.6558301391194833,0.06980603832139753,0.6308459551663629,0.8844992042407285,0.08063920563572075
0.5643274904156519,0.8183013703844924,0.6877514229316677,0.8374773709122207,0.10865433497785337
0.5398874026674058,0.8492170384995258,0.6669642897530883,0.711770864132849,0.12949338066356408
0.553154148706221,0.18532195351837005,0.5618621132732626,0.69130809410965,0.08696195905429908
0.6861216923054612,0.5314624811839302,0.5229242428694127,0.6873186961529885,0.07720609906980624
0.7614073554669959,0.5257118268008417,0.48622951186210506,0.6024143704802396,0.09607031968994961
0.7498043438794034,0.31849766105643573,0.3341277904493312,1.0,0.056594283934799074
0.8488929848264842,0.4444366624818249,0.4382514830893097,0.6984287249261856,0.17358154886779092
0.7023403405380232,0.3778848309068342,0.12754950087701522,0.9447453633320795,0.02569355891527765
0.961636133888317,0.9504540886847246,0.478365282105155,0.9934105683075922,0.09738962315582897
0.6523617700171679,0.7871356786294922,0.28250995642679816,0.9097297437036737,0.17094424876918557
1.0,0.8543110189988317,0.25721035021253036,0.6809407499651122,0.0902719937823999
0.8126201225977011,0.744334412808647,0.5395767132537652,0.8145968144538576,0.08239843859994021
0.5457116398450691,0.3741896457565541,0.8062405029958118,0.7461287029774534,0.0757021830875829
0.5072393503489998,0.4950959467440452,0.7020296533205088,0.6054077022831795,0.08278433272950368
0.7868450347437733,0.6978749122455836,0.15448986720290103,0.8018974850754564,0.1449139389870612
0.6597766986413468,0.3555744382216109,0.28228180995452573,0.5613536334144316,0.01
0.8285200889365765,0.7425996860344776,0.7069696613574075,0.9400287021538503,0.151337348051853
0.7851827724232381,0.551934920368373,0.2838527734215719,0.6756612324322571,0.033041713901994195
0.6868907957217628,0.5250358384900805,0.45058070700065456,0.7821855449396543,0.0793339068306234
0.5475771307476871,0.7421919936406983,0.6210114617854015,0.7953260594473828,0.07283022318805352
0.4273274995565443,0.688852662297208,0.2869642199300002,0.7085752042073477,0.11354213079082878
0.6196273086279361,0.527806766836184,0.5231826113521112,0.843871008236044,0.026075025924650094
0.854151782978225,0.8318659606728496,0.20651439111799502,0.6740154149403961,0.1084869066432777
0.7385368739434367,0.3837873344800205,0.367699118330733,0.8894075675931591,0.1709723849314741
0.4757670198318421,0.7231871213888528,0.5703520255113581,0.5346432511605202,0.03547303981628758
0.7311725666532127,0.7186202515936767,0.14954137862303274,0.7702207327274259,0.09758824670441582
0.7693571283511906,0.5380907121372019,0.5969044423512878,1.0,0.06352071288813563
0.540905661483796,0.6652266044484236,0.4956796842361301,0.5899469880631081,0.10703548824772142
0.727670519070195,0.3497772847229394,0.6215477899717725,0.6415608047160237,0.09076591109663008
0.71047756932028,0.7848054038413802,0.5492611094942255,0.8322252559454264,0.06434052363822762
0.4942653463904878,0.5630195727114021,0.8001108945942457,0.7787330851103357,0.10951489139484295
0.764401724862691,0.4954553958961921,0.5275493905825396,0.8061008158837695,0.16217392439146971
0.8009412147462821,0.8098018451673779,0.4055307809524443,0.8282699408236261,0.08236384833090805
0.8949492237715498,0.45913126189144815,0.5269054506671025,0.8515554349698832,0.11879031768592727
0.8896843693662825,0.318307740727288,0.6195255663880054,0.9275519747129957,0.038269081685153444
0.45201951376772354,0.2886741652952192,0.510749215471655,0.815570985108562,0.05174254492727964
0.5311914928152779,0.7212019902691279,0.5089301720648541,0.7113987752610332,0.10889625111521509
0.7927063480975587,0.34391412950074335,0.34556182868251384,0.857611792192437,0.1493646411414386
0.7924814711641975,0.950958836396873,0.3541617981387914,1.0,0.10422453395142639
0.7927085835350886,0.18361411842325553,0.19142684020406742,0.7287786005787882,0.07747767877907383
1.0,0.9392912736580077,0.8849068835011267,0.5940753112526973,0.08997165621693416
0.80276029192477,0.6422034934405236,0.22635008821391728,0.9271329070859157,0.039983690641211295
0.9044018152325077,0.5806573776259215,0.3475608564849004,0.7307390137674242,0.11418061305421467
0.8717203174287764,0.49101618263821,0.3419504015747766,0.40237287263775423,0.12529332249293637
0.8172504252350437,0.6798272228704142,0.6968833629277771,0.8855874683440674,0.07191638668667678
0.6432515359647377,0.5924730595150303,0.4351110707757539,0.6643474902473724,0.07119831408961994
0.8366144596887881,0.8206603764033042,0.7745032559882215,0.7355146748313343,0.10063512918608193
0.560891461383237,0.6228455297324079,0.3518320626663489,0.8031168528910423,0.07253121055837618
0.6573726507867984,0.6300603522923754,0.5613787156892365,0.7804799487646507,0.0873546954149671
0.6126345613907613,0.5272775575572288,0.3162236482828534,0.8635122907422463,0.1739888715666606
0.714737345089538,0.5886108752557865,0.9719328081101455,0.6803221807088251,0.08011897197016013
1.0,0.6615603537784118,0.23872834781350716,0.8320969277081732,0.07566639391915111
0.36389226533348534,0.2579663214686748,0.5681605562499461,0.7084725315865732,0.06409832777459362
0.8235268342674124,0.3303629155788574,0.6394309138050617,0.8682096769420005,0.11976767885999746
0.40971114318586266,0.7486528188045429,0.5910358014393297,0.8484587974420885,0.08275103307127588
0.6150522641579019,0.6341730876255883,0.45923671504690416,0.6003298076728647,0.06402507846714295
0.8960111074541258,0.5632033327294641,0.47143944605864624,0.9237571385880052,0.1428521612909205
0.7115704034371833,0.6036867866130786,0.5096385238354041,0.6642458487817523,0.14678412018054549
0.5060059399727248,0.6695163410723342,0.4676595596417325,0.8792892477249832,0.06598305737045179
0.5712453323332056,0.49204806393812767,0.7120534056948802,0.8087659701442145,0.015338401945575342
0.8223275948082416,0.4443390549195374,0.9863150603500973,1.0,0.13030054759347687
0.5685340062909153,0.6391690510195362,0.3773518072982766,0.7142454428205036,0.06261480696959984
0.7389625461247554,0.4043254444769936,0.1986433444926029,0.6941093126210884,0.12162502396651075
0.7082029311826864,0.6816505511428943,0.4805779493627239,0.7468928630579628,0.011195847291526576
0.5827119374309528,0.25948327915243186,1.0,0.701491234746516,0.12570389353197237
1.0,0.8058311274651287,0.32319159504665923,0.877990704310728,0.041553122828768746
0.814105424017242,0.6945194964826086,0.8606056971976949,0.49139030265014594,0.11923056476266097
0.33547433440163066,0.6512059468627751,0.869094179096817,0.5814108129365834,0.09057092271345736
0.733561776658497,0.7965381967891028,0.3782105868242412,0.5791515325473291,0.0518424232241342
0.5808784363416901,0.9330948888925154,0.6251762774207605,0.9020492147157722,0.07371854748292878
0.8534380002633203,0.802874013003626,0.8582472570882784,1.0,0.11745273827826802
0.5573462670821139,0.2318251537336709,0.41659189698275284,0.7332881250340045,0.09423577812460937
0.6793474405359581,0.34408460665285967,0.4552123207774804,0.7229885242895983,0.11337651921889937
0.7908977102164823,0.4750362844608642,0.3720301989312984,0.7612083460981091,0.16905762338061942
0.8558359349506218,0.6052182100421667,0.2767535192475693,0.9359005284173105,0.027430335531557937
0.48394664672996024,0.7035318040938245,0.35715894008547844,0.6016234985295081,0.15468850299874495
0.6397897775486292,0.4548512373693069,0.23073314131230355,0.7881390372375656,0.09417423750092851
0.6145098439910278,0.6373533528954156,0.5074983630170298,0.9060316207651887,0.05404863806707487
0.5824007381367318,0.44892341352933546,0.33060588916709877,0.8301750671903753,0.036787454970440406
1.0,0.47769643940161033,0.5514329005939644,0.7803330586557989,0.08243518436891865
0.7728967079729719,0.3186677806303555,0.157702957835202,0.9101673748107426,0.12686600447697838
0.4730408882196918,0.4153533507778191,0.5727936510871805,0.31748283312012204,0.08489803518489863
0.8652151504698596,0.32966307887673324,0.6833763715539634,0.8584600511249452,0.15044619720989388
1.0,0.4048253494045334,0.06137815863427981,0.6453478906996122,0.03195297239793764
0.8858437468992064,0.810728359321568,0.5822924453664658,0.4570987365029669,0.08951644208615782
0.42651340612827754,0.41012022223361133,0.7700871783441243,0.8317924159239969,0.039904262223475234
0.6128378668840747,1.0,0.23387897588793483,0.9697853672260732,0.10454527530499871
0.928044006853592,0.6986635801761778,0.8679659251042948,0.7280082376595693,0.125475495603892
0.5726194961886194,0.6369672247389747,0.5921841820605299,0.9024599275524703,0.07316952825275787
0.7798874970663211,0.42832844396375724,0.34489739173315004,1.0,0.01
0.8394341296172806,0.7400619758817982,0.4877308029153047,0.9603863125734475,0.09795792587185978
0.5331525151159451,0.4848724347524452,0.6228319207547789,1.0,0.10746954206934038
0.6892854359088759,0.6244019629290722,0.5167211861107305,0.8687403985715028,0.1061717901984679
0.11657187878756692,1.0,0.6185263183382013,0.7620693822242548,0.13943128767288615
0.5156102245598277,0.58078802005507,0.2974518095225394,0.493685470096453,0.04715785281403804
0.6545377327492311,0.8298546652571351,0.5372593812879372,0.7106300018992082,0.11720864421801797
0.47539902724632704,0.45936471497482245,0.18898281068090433,0.6150805447494093,0.137700300499119
0.9938340347076943,0.5930023019006077,0.47553026650328595,1.0,0.018856496639739317
0.44257455196708606,0.954160127127102,0.3011403188777463,0.7218582700108261,0.10278607303675909
0.6207919923945429,0.4746065884424465,0.33818341263025137,0.7697127690855177,0.06983280675969314
0.7235333039114964,0.9624897115993858,0.7719404985462962,0.8382376601664748,0.08673909307593416
0.9594291920319007,0.7415503870910951,0.7400882265307391,0.7569763914195926,0.10390705934153345
0.44154481278770086,0.4875066448211465,0.634010386599579,1.0,0.0705108574354579
0.9093694753878927,0.7264815478111042,0.2596911917720326,0.6503761021224876,0.06297167683353552
0.7018419509835256,0.7945108899253459,0.4303901410671436,0.7811371928379588,0.09136609669952098
0.5233284428113688,0.7243619924434392,0.7668814939954203,0.6312047062883123,0.04651016244548789
0.7831786253673887,0.2859550560219087,0.5311777210007791,0.538796398204687,0.04656699484459258
0.7358307452032246,0.4545725648350263,1.0,0.6521169454551543,0.11717493131826012
0.5919609621114169,0.550496272889699,0.5865299246667618,0.7440741124722541,0.044048238593653755
0.7125643752982034,0.5851133141799907,0.5422508056278069,0.6813116440772384,0.11665250003636847
0.6306435525648831,0.7241344195101356,0.4319943778754497,0.639212643220183,0.10850365171415804
0.7204331221452246,0.6355402001866507,0.5293789990521021,0.5249892058125065,0.020967730848376123
0.8191835214137884,0.3329311282579797,0.46645663599628034,0.7367031083794089,0.06289741390657379
0.9854830269061633,0.6760395702011927,0.6557839088714899,0.5092447401550396,0.1377643761218949
0.4771932102111671,0.7221171490567646,0.7104745096948085,0.8716089541903365,0.05075337875441273
1.0,0.711958089586208,0.3270823186882511,0.7631903604695205,0.07142382950762449
0.34862419608594963,0.8161561451109244,0.20712875021728883,0.5167917600856111,0.10848243573007585
0.672678682893595,0.7667844309097808,0.09603481791727475,0.7005265476720218,0.12133562037130381
0.8058970971672237,0.6918360158456873,0.6117580919207596,0.6296549751055067,0.07993844455822016
0.7505785361923059,0.5859668577082706,0.25725934664174777,0.8010679216670689,0.06609959221233433
0.587914086432293,0.2678078132968017,0.026364069550453784,0.9644720713637032,0.1468947944679403
0.6625379949356904,0.6859236438265172,0.5854872929968121,0.4499724048566809,0.15955598655190317
0.6112598317614101,0.6415375374326222,1.0,0.7684041726635867,0.1291543220312718
0.5939143437500419,0.6543157674390747,0.4986643994612235,0.7243787527093375,0.09341272570260097
0.8529283774637844,0.34465028483593807,0.6844679703793612,0.8574144122320745,0.05766937113436294
0.7642627874737085,0.3837886919183475,0.5180024588804643,0.7841114605180303,0.056782223737737385
0.5752762728530822,0.8106305706665807,0.47824427629794863,0.6296849069217889,0.1109005642106303
0.8619279775779851,0.5920889692286689,0.7021968262573091,0.6989513702933411,0.10673592883554735
0.7553139137577897,0.7363001394745249,0.4361396002784967,0.6226358629114417,0.14606394371785716
0.8463151813910128,0.6056636752260922,0.5588263090958187,0.9221611421757757,0.11601800370144556
0.8133331915462502,0.605951227899149,0.570773517363123,0.7534098637875107,0.029876787929607275
0.550780898034027,0.7876567611951996,0.35302010019852925,1.0,0.13207790470891673
0.5991674127645454,0.4967910543565252,0.7182493168980351,0.7402942697896607,0.050077574907423476
0.8345128489221871,0.6192241553881966,0.4615088535270101,0.636654917294326,0.07464114912190593
0.8098666477780236,0.5075449422589915,0.33373606491157415,0.5078056971819477,0.10000800825006778
0.6962377130864533,0.5131007545135369,0.6180321655854888,0.4614976517990488,0.16982669959135857
0.7211189289955807,0.5381655753062721,0.30233704400597183,0.49653824911912164,0.21439674224021443
0.9299796812419164,0.6444267543267426,0.5061998546212082,0.7927402641618373,0.1142689223654473
0.5935171500095506,0.5042502756673045,0.4979938207382752,0.8313960037167895,0.08267213525118448
0.7984775286106067,0.8511512251147042,0.7388970244829471,0.49700948767485864,0.111380225939222
0.663605322561899,0.4210785395560992,0.6044336112335896,0.8932061302521785,0.12550621703495343
0.6608173834191003,0.5626256711677282,0.49449406907606835,0.6727102317306497,0.07717329497771233
0.8977798333576942,0.512053788345165,0.6799085858240632,0.7734868819176879,0.16180845423649287
0.8485749428178453,0.8893955768707466,0.8058456607838089,1.0,0.09920283036765608
0.8464317344801149,0.6393109553023149,0.6227182673974097,0.8934942905384851,0.10990972356365578
0.9349861852877792,0.806368907893727,0.5022775763655437,0.7070350963350668,0.11663697008217845
0.7037806914938965,0.30288792539260556,0.21139602888296488,0.607409243933554,0.10686346442457823
0.8227515348330935,0.6534100531738517,0.265674994123418,0.4057095357873112,0.12355762001878448
0.6441519838131778,0.7779261591246874,0.4328505650419731,0.6349354689212128,0.06530987253812306
0.7583499434479195,0.6164567978550848,0.3659073155249577,0.7162191617875688,0.06766792984215877
0.6765742502138168,0.8130960750130702,0.4588663133432019,0.5920512756558105,0.0459938306811322
0.7174592736986892,0.49654230997992554,0.5124629834773635,0.7289988852652313,0.10758004922480906
0.8071282645786444,0.881869488037116,0.6165324059584808,0.7622963012734029,0.12115746014048456
0.5527202770179749,1.0,0.4844902688269999,0.7140230429107074,0.10831091464607542
1.0,0.5274322879120682,0.6070303616417644,0.6459995870682465,0.1569796973339015
0.5189168713300536,0.5108994957198456,0.5141843712582265,0.7769847475146764,0.08977615924683813
0.48144604969820814,0.8906768954235402,0.0653973554021483,0.8207105039311055,0.1167496662237005
0.9084599572300122,0.9159144291461425,0.29334621335987404,0.5755361476091446,0.04633196495442742
0.8424992849133284,0.49542799456934633,0.4683007377412446,0.9757491807594032,0.07451601190102396
0.8123415670693879,0.5159626365808285,0.23386715657495633,0.7342258988345182,0.1178215103026311
0.8131021916675704,0.5436430782278985,0.631984320599165,0.7530159396711756,0.12396408442972576
0.6977955808875553,0.33110989779314454,0.8367651831156134,0.8633143077210491,0.07824132209343271
0.5384942131325503,0.4162696107031603,0.7681276073734097,0.7873145810021602,0.08713602992567733
0.7136448204748707,0.3991718466495864,0.45304256839535423,0.9025018614261192,0.029285050132767616
0.5781108919278198,0.44644048697917427,0.8279597501069895,0.7959398664322919,0.07571883196773563
0.8755215520151951,0.5930630225226438,0.5327068405844645,0.65201002005753,0.12561532654079144
0.673529671329615,0.6468429465073041,0.42584108635403134,0.8078405640329762,0.11300820064426265
0.5514105045773479,0.9101000985628154,0.3650514140209933,0.5670038068286941,0.11002662885524839
0.6421505485024611,0.4003291918522418,0.43345666897261176,0.7673695529242437,0.0919909474872384
0.7743276617696123,0.7968644796953167,0.41460109992092964,0.7446832014968863,0.09028252634512705
0.5985295804952845,0.5572022311548982,0.5374915689226073,0.7167013028363937,0.06358715442106211
0.5520003287980423,0.5901072580695134,0.5353262758309703,0.7294339981697711,0.11795313680810139
0.7438636980685441,0.7349638984333208,0.5006701244337511,0.44890415272037776,0.10683891777557558
0.7440939827995701,0.3754555956875403,0.5961263973441969,0.6622040147614462,0.10968075391971197
0.6087502284331966,0.6764819492368102,0.7619421804529951,0.7648551841825784,0.06895860629329678
0.6152131049887019,0.6332904416426112,0.7089019097970912,0.7755770227195841,0.01
0.7417689887243745,0.6984902528016298,0.17332244694102122,0.5855719774518466,0.1338861084701478
0.43934481853048163,0.6578337287815637,0.0,0.9525132545383521,0.07084650175966384
0.44665652061222,1.0,0.7055503804726402,0.6114120242856799,0.05548896943827517
0.5706800401745615,0.4724520031497368,0.19928668634860736,0.9051131520842779,0.11773915647655975
0.6615795126918674,0.49380060899963646,0.4505516115836096,0.8183510978994696,0.07431949440323482
0.7559633618076408,0.4753718947150471,0.24257513426694088,0.6466036304249915,0.13239745536186487
0.9655641190509193,0.488904576167949,0.10356430373239567,1.0,0.1146802379830679
0.8543787321763634,0.4725225745386964,0.6191218002050534,0.5590181069189633,0.1173427729280191
0.6712110646065831,0.8378033062215103,0.6670141352665824,0.8970646677776002,0.03536177155197862
0.6965770825775159,0.884100849597971,0.37316771184012176,0.9100931708868765,0.138477759415456
0.5195447143651943,0.48585074125010475,0.0,0.6427007665477368,0.10045002124935423
0.6966676355213698,0.43352888537915424,0.37982622138445377,0.9727944480102926,0.07522891443015187
0.6480414449943751,0.6942831112772808,0.5861968811885603,0.7099925576641676,0.09573553869369004
0.7580893408608561,0.48955539114380575,0.17463945486969168,0.7961909806847771,0.018950590684067195
0.5510984301605818,0.7265863635511022,0.5403391823514142,0.7916514942033953,0.10634611245922683
0.7934823725634109,0.6405846041702599,0.496631833181941,0.7285106013647124,0.048825139672717136
0.9758930043404639,0.2968511770005536,0.6274441299122394,0.8797293237055651,0.035893188566258616
0.6804231732777656,0.9095010402660123,0.5263076810511137,0.8769581952883541,0.02910563255128435
0.7723081099778094,0.9591755346191043,0.28592483300605775,0.4702348842818911,0.134507534999597
0.8242259185080002,0.4774422619031227,0.7632457303661881,0.9586944388605044,0.06482946425228844
0.6277803150605494,0.5224596880128032,0.4651234939340666,0.4840012819142921,0.15134910839665996
0.740336646725875,0.6571730781449809,0.493993001307815,0.9152073926946651,0.06856794147790808
0.702266632140723,0.666891357997405,0.2946810490038969,0.9302728218924133,0.02170568169628212
0.7175816977387897,0.731708854534566,0.4024779047378677,0.5754453711655683,0.04533902240205363
0.5608582389060159,1.0,0.3053434029140818,0.6842697139272664,0.13943246480027754
0.7044118313666097,0.5646105545011901,0.46195186681684697,0.5730872530422503,0.08376407288253329
0.7896396924241809,0.4403405510923092,0.8765758656313156,0.7156126351538024,0.06806850814037596
0.9612058494031075,0.32413615439709453,0.19818174855510162,0.7007145145302814,0.09640072903411151
0.8726687486953372,0.45381399201161615,0.14501649246711695,0.8747456851630944,0.11007130944670179
1.0,0.5933746054252406,0.8236574720485939,0.9596493993791373,0.13469595263609843
0.561877438680151,0.9589115727035575,0.45394879102658947,0.973309409726393,0.14793996919571706
0.857017714609722,0.4964777401927657,0.3528039974948184,0.6600531157474716,0.07560925416843657
0.7330015610329033,0.6447575903277797,0.7287790312271368,0.7165245002008755,0.03695809255671847
1.0,0.5967154207854496,0.3667645812578899,0.48064988924464797,0.07346139355506895
0.5545063086360726,0.8376786546896168,0.9017221369803259,0.6210607893606098,0.10041122026331545
0.5488500684074603,1.0,0.6491436916946391,0.9043762612955932,0.05144964295157556
0.592109323820076,0.49382624541593584,0.39265949020794544,1.0,0.05171396340419828
0.3176987696242347,0.5021121114963556,0.9746078069184108,0.5525041804992125,0.10375151526199541
0.605364096097463,0.8088321754138144,0.3667427169392655,0.6552057185355369,0.08805390593718194
0.5633561209203344,0.7363782979252622,0.6632609818420475,0.7457750788865717,0.09131187981646345
0.7270708815657173,0.9693414651472068,0.5658443676894283,0.7948257854111371,0.05966018661199722
0.7615160756398887,0.7167856370651928,0.7863830836677356,0.6204634368125366,0.0807839714317693
1.0,0.5281415818425881,0.8435324632799076,0.8178497671142544,0.05303067422926782
0.871076290873489,0.7181309661384618,0.5070409127944686,0.6741857044686534,0.12560793644499146
0.5961573419807674,0.8217407161165815,0.33424806852383965,0.7476876366594754,0.1314099733889501
0.5382853591572956,0.7640964362394728,0.6011938714466056,0.837405479680592,0.01615248551047624
0.788545450871171,0.7014548062214595,0.35090261865453665,0.7510275631697501,0.052819565592303594
0.46235802273628435,0.8133349379178307,0.9429451944558571,0.680178257515749,0.030138829796396836
1.0,0.8338591180891346,0.5300377728382022,0.7324624313718671,0.06399904262372406
0.9122992217298316,0.8764317982075054,0.4196292587113361,0.7358619265271463,0.08666248120838556
0.6155483826211531,0.7297419775179286,0.5406296672902798,0.6907982352188595,0.03201419121205879
0.391635784763642,0.5665763839366291,0.20363221630346678,0.7085926299732637,0.05312560747498747
0.9436970273497742,0.6293427372866646,0.28624491152765663,1.0,0.049841705116740055
0.6793828278545287,0.8413017933016713,0.7640910597477736,0.8397471116705982,0.09829069317595776
0.922806936155223,0.43661286580255276,0.35548325862629293,0.7027231491153343,0.09277377348145001
0.4130030214170139,0.6737346617745802,0.26967958380997326,0.8615127047217177,0.06113049786650986
0.5921124958683208,0.5213322375345278,0.6180636055560029,0.6965888816390384,0.09707283488557591
0.7009438659492729,0.6057489645869635,0.7608549140258594,0.9376999420138626,0.06813279661650938
0.7084565068776535,0.8556903725214597,0.6581697283463147,0.8091427507516951,0.07913379558695786
0.6189882151337361,0.6382198136039806,0.7191304908772795,0.7328316569593234,0.15693808361194148
0.8121129878225497,0.6092873096312298,0.3335050805147186,0.8216347081296445,0.14361844207161392
0.507828322711133,0.32802877180401613,0.1872016533167944,0.4986598156690401,0.03801675052289609
0.6743716926961671,0.7492507132054441,0.8302934034302071,0.5697172049744311,0.12318929671516698
0.7216532137081417,0.7290968362282151,0.42901043545473017,0.5589719989761511,0.12245586217966367
0.7925989901305748,1.0,0.4448167363798896,0.7728708951621931,0.04406946844989527
0.8280906780560001,0.5384443530093999,0.7922027112067928,1.0,0.12275110575019442
0.4975644234691835,0.6438300655327878,0.6223706020681452,1.0,0.15151727673650212
0.42385944926758795,0.6498767367421511,0.6002953098579537,0.8520881762305211,0.04509820775022344
0.9299818279417316,0.9154906559526949,0.9763005158782385,0.8301351159911131,0.05329988715942945
0.7598165221563264,0.5809408935226096,0.35842598931636854,0.46183076253556177,0.1307064586737401
0.5652724234198203,0.6558043051540678,0.7041248281778721,0.6631721920425565,0.10085981243302591
0.9792073555940541,0.7215793019433079,0.5125428874773585,0.6239545996946818,0.11205905100958093
0.7208214341727145,0.6373218246312716,0.5590903013499166,0.6506643842798214,0.10362356865601986
0.9122734931314886,0.5107132770898943,0.8362630538107569,0.7230969890264337,0.10562783683712576
0.7121533266538196,0.6388179985796615,0.6117238663837172,0.6744655075684596,0.036941114867556676
1.0,0.8147263499719544,0.6184251373909193,0.433312030339874,0.13189270826485794
1.0,0.3946969401177879,0.7359516142081565,0.8696656409788054,0.13678359969711093
0.6551864532737667,0.6265939348293752,0.4197103995005652,0.578361115881631,0.08082437023727888
0.8748827711717839,0.4599758370121653,0.3153738731854186,0.7882794982577839,0.0882609220074455
0.8161676709253265,0.8390093257849685,0.2701419773153726,1.0,0.02875569989777111
0.9463536803558227,0.295362619043245,0.06740155033727963,0.6028984653461722,0.11057019024071339
0.5263137770955811,0.4882156305456823,0.9523655685868708,0.34515399636058725,0.11288229766856576
0.823489262799719,0.6754423750129042,0.2572941595412297,0.7042393244991823,0.08751235932002756
0.8905164076329257,0.913104805846868,0.45132420281113017,0.9261535415997714,0.1349741343948201
0.3834268924438394,0.5868499477854024,0.43910107402443743,1.0,0.07663691076080237
0.4870134677201604,0.4889600946613603,0.5676294735180022,0.5532720648876133,0.11258423703574401
0.33293820800318186,0.9762314138881181,0.6794621867586452,0.8294718757178434,0.04921342645231537
0.6515067697999796,0.3103972199167512,0.689304167439144,0.6755503269151915,0.08905791396503047
0.8291576060432732,0.16023880867598356,0.3717229635148335,0.7330482633113383,0.08302582968388657
0.970424269377285,0.6880028900106665,0.4632332229669895,1.0,0.09901231688163765
0.7133370604755594,0.49958915512947777,0.5621675891074259,0.5095247474567755,0.07521892284666565
0.9931507982028325,0.3957534365738573,0.44528795223961964,0.7905983458391318,0.08474109617313329
0.4515817375213195,0.7416712894598707,0.8536160267243984,0.8248309074824693,0.12304188685766025
0.3933911609160721,0.6487601427542398,0.6080144893604154,0.9237258119902956,0.0725294305104713
0.6900014141986086,0.4871842738526543,0.6616731129309599,0.7656773045553432,0.02573691597045283
0.7691317808090753,0.3439391202658211,0.6458338791068308,0.7992880863206564,0.15998335616821682
0.6941149453430632,0.7744914656560289,0.7581642486467715,0.6873362292125134,0.14525816314761947
0.32786042199282217,0.7300402355917321,0.5398247429148155,0.7930603105992172,0.03830949219577525
0.683958392887698,0.5801648272441234,0.21469697144971378,0.6950892359204143,0.11758831220980777
0.4651954899091264,0.9693273992095331,0.5879313493855811,0.8494515023769681,0.06988100917794628
0.8205410587894069,0.38598304673476946,0.3567014833657976,0.6908623462330186,0.10053948861324238
0.7659876842974327,0.2948949658150522,0.3837043300150535,0.8103360630243498,0.10176896516053975
0.530821638461076,0.46161838602375105,0.6290000841261205,0.7453179498104034,0.08062368798734712
0.6075039548793951,0.5908827967289004,0.7724222757153998,0.9301680401235469,0.058649373376544134
0.5093415660599887,0.6486678898645384,0.5046797468819335,0.7417770042258423,0.06237835790734962
0.688717762490829,0.551752788428734,0.567943262771772,0.466314805086899,0.0533523233807503
0.8719256176902228,0.6704110793028594,0.8744872878197523,0.9519074401142387,0.056727111670782204
0.5225693116596021,0.3496921151619112,0.552965699487485,0.605082831861981,0.08731286839802578
0.790728372793212,0.8887529208146518,1.0,0.6453973858161888,0.061369600435569924
0.6045536286929606,0.5835697643214862,0.6244121220389397,0.6546941929530412,0.11728208262850479
0.557282890192778,0.8234591663176255,0.11263219298572008,0.9699100949073307,0.14948984621343708
0.6807345352081795,0.6685450692755408,0.6657351566429972,0.40829212576340873,0.06679787034519827
0.5136563819645126,0.6913506438307567,0.5838548446742111,1.0,0.09957618002141508
0.6003431250375072,0.7139534560464408,0.783745605898204,0.9189690894505683,0.10998740441211735
0.48438197933400723,0.689541712003463,0.6480998972793909,0.7857182262606656,0.10888009083677097
1.0,0.7285445519735088,0.4695396835235698,0.7412169599013941,0.09303821071664349
0.7063474393549111,0.8658305060264863,0.23065438801633953,0.7956886519772252,0.11970729673438889
0.5740494085613346,0.639304233940294,0.4540148833970744,0.8333795885406942,0.10928995810722629
0.7385163839321599,0.7418007515177024,0.312885500073954,0.8532344937520091,0.04049350310690808
0.6797809510556506,0.5820528611425546,0.372284841042961,0.8388967145605517,0.12476624257557092
0.6602254720840198,0.8880234430898946,0.629487248972534,0.7643329090008398,0.1254916334906697
0.8105500060078165,0.464721539588146,0.8673789909573093,0.7184258527508278,0.059468555832856734
0.8363513878085149,0.9601880865821631,0.5868277365610558,0.7257962746154382,0.09151751341790408
0.604509793430105,0.5919684098711313,0.23690572635225943,0.718814675143571,0.11733315971244278
0.5963527166839575,0.31384497957639035,0.597812587008431,0.9314032154987304,0.08162744721682554
0.650490694512704,0.6256208829821578,0.7632589270620432,0.8449690755649379,0.13291912191064048
0.2856541903475947,0.4637896685050238,0.36584776104973593,0.27953781845371517,0.18455489978477443
0.42726560880426057,0.7681287097977448,0.4705162233319581,0.8549441242447617,0.0585605586946007
0.9460373681400144,0.4694752041395218,0.5032314028404233,0.7811577911550039,0.034758215873849
0.996094188430231,0.5107633133570441,0.3273223711219072,0.7470065989686564,0.10215274382419502
0.6551735128798518,0.22209185381089375,0.642621695445649,0.6878370475057782,0.11886250020504574
0.8037802533500379,0.5095387361501846,0.47339140730628804,0.9298580351977621,0.08076534504620923
0.7560250278178364,0.11522413467420861,0.5922971376595461,0.9016042339396573,0.14813042653284136
1.0,0.2832194353028553,0.30475172088353797,0.6263395731482225,0.03645576801107005
0.9015234840582238,0.7520829312288595,0.4037591739288497,0.8151283659399257,0.11771674492126444
0.676974833533462,0.7571600317301664,0.6589238987221097,0.5945349224733942,0.06576556716964427
0.5280027206919233,0.685091512356993,0.4179767065398113,0.5292610936337712,0.15877511624829188
0.4108396623536369,0.4066047713741574,0.8799320472713491,0.6497252440656056,0.1697006141267247
0.7366234544561001,0.590457728771604,0.41208003916478747,0.8879829555812414,0.05933373648866608
0.5638568658488253,0.5992794921818863,0.5494306396654149,0.9025000072601739,0.0680177145636568
0.44399433227241863,0.3683270621614914,0.7051699830120798,0.8320936672155669,0.12438351547919207
0.5836168808363452,0.9006796603534302,0.18795953875473304,0.8660153258956795,0.07451477400841941
0.5053213593494088,0.7754724581151342,0.11262206136422931,0.8325885259383934,0.08818355128271047
1.0,0.5558071652340671,0.16435561079457917,0.6473629447643277,0.0910155368216964
0.8586951562509011,0.6053771677989062,0.77776850275398,0.8191076071478305,0.01321307375209374
0.6985649245630088,0.6416765615895105,0.37859120790366174,0.8780655240364292,0.0894464901562305
0.9663899450002046,0.1916530263151418,1.0,0.8706866127701719,0.06241088903743304
0.7139262953765713,0.5505645234958806,0.3758655282953745,0.9402261394359429,0.07027508710400912
0.5449688437609125,0.46360315040044026,0.5406012867033482,0.8633286155521702,0.14774528013875257
0.9741623339085382,0.39967599802101683,0.8392641895649327,0.8062317132066532,0.039739724228829744
0.7970038078632385,0.543779941422809,0.941340435395007,0.9212240381306284,0.12252820746991909
0.5132956922212378,0.9595373053699046,0.9535307868600076,0.7457565985201504,0.07884148278672766
0.6657390379449505,0.7281685722534019,0.7658405707304914,0.6089000558035651,0.07880959326016662
0.5423887143907437,0.4857642020434406,0.7252937556785217,0.7239092857689978,0.12161487584206845
0.4510960484264195,0.7145165562712317,0.6303559288242603,0.6308155768309681,0.10360205178275561
