spend,impressions,clicks,ctr,cpc,trend_alignment,roas,conversion_rate
2185.430534813131,52723.41276914708,3401.0136025607285,0.0645067044019379,0.6425821211557792,83.97926536388331,4.340179917256028,0.10894315662645421
4778.214378844623,268067.938631465,6883.376955110959,0.025677733003998296,0.6941671813130563,41.42604115461049,2.7917048200110712,0.07708266255646312
3793.972738151323,152556.0038411644,8442.477507723335,0.055340185211676926,0.44939092045913376,41.283165988681844,3.36292185295411,0.0707480198752434
3193.9631788866645,169466.2522042973,9739.23453771659,0.057470053246799914,0.3279480709205207,58.769392710673394,3.62829257010337,0.0967857225725205
1202.0838819909643,39430.73631328077,1762.1259710741517,0.04468914699116702,0.6821781766590737,68.34130504347061,3.878904608417803,0.09254008447338698
1201.9753415129119,67095.38036643688,4465.271133050298,0.0665510964937306,0.26918305869857073,84.68363023285201,4.413436199566293,0.12063280704462902
761.3762547568977,27080.68175512653,2177.440930188209,0.08040569103383105,0.3496656300527461,79.6311318431773,4.7484238911242285,0.1237742469317032
4397.7926559872085,89862.32288327238,7170.096402268416,0.07978979590347435,0.6133519564110562,65.8623569698514,3.96757821542164,0.1293499893731393
3205.0175528444397,180170.95611499803,8388.535583736673,0.04655875599828925,0.38207116377478184,55.87034664433662,3.782079478669373,0.09328616651822451
3686.3266000822045,87187.03219643733,1998.9077233471298,0.022926663208852865,1.8441704722164596,97.83322100914725,4.255786395903625,0.10883589473396586
592.630224331111,19422.000993709848,1630.261087048148,0.08393888392736343,0.3635185977505996,64.71851552968643,3.9429143319742446,0.10595661751179423
4864.594334728975,282158.52919685195,20801.535453187462,0.07372286605121539,0.23385746430480753,66.18044741112118,4.449175834181445,0.09829346533393042
4245.991883601898,246370.64688767077,5845.485482071084,0.02372638768422868,0.7263711280482937,49.49018162911681,3.4803849812784726,0.0801968637173556
1455.5259980522428,62496.670138309506,4965.918649198092,0.07945893178321607,0.2931030693157417,86.0989538274959,4.518048725364207,0.11254303773007207
1318.2123524319527,59680.07176097497,4529.284488288146,0.07589274534434898,0.291042074270361,80.23356909532635,5.068414503387718,0.11259257482319664
1325.3202943404522,50279.76393416762,2580.29031127779,0.05131866399882505,0.5136322407396624,52.80463754174811,3.7884970078352156,0.10025435708077599
1869.0900933179198,59303.29581175659,3344.0701822308256,0.05638928050214505,0.5589266945561088,44.77810064571888,3.415677286070061,0.07371821888527842
2861.4039423450704,94845.75988012252,4071.746423196859,0.04293018927090912,0.7027461057111927,79.46895952033336,4.05003007052985,0.11195921810476321
2443.752583889521,114613.80026785657,2158.5577714180645,0.018833314717542193,1.1321228536237404,77.96165042830584,3.770535745983957,0.10559813534564481
1810.5311308911887,90698.52292328492,3488.610473216257,0.03846380691521306,0.518983459114025,55.849052565896145,3.5699087996262473,0.0838678883441908
3253.3380262507076,168077.72867447312,11967.090817034612,0.0711997414018608,0.27185705164196866,95.1500866105238,5.018818730838861,0.09723142539678657
1127.7223729341881,58173.2492868502,891.4609273291961,0.0153242416103222,1.2650272584720317,48.761357723292214,2.754502403615829,0.06777586724612766
1814.6509184084816,42913.307914640216,1645.5083038037708,0.038344942018380096,1.1027904959298713,65.07541846047091,3.710524102571592,0.10351867914740766
2148.6282948216126,85465.58414516384,3664.0641612021286,0.042871808551366034,0.5864057506342022,94.72972336972074,4.030603327319257,0.10947069596425342
2552.3149289766616,56922.62187888788,2995.1369975621833,0.052617692205654605,0.8521529836712158,64.3441843817151,3.8622390415929204,0.08439879596777633
4033.291826268561,169322.25050036405,13442.475374954036,0.07938989314889323,0.3000408565957557,77.03450496451697,4.410125506822978,0.10498992171109599
1398.5320197126189,52670.42214826974,2067.0096135072663,0.03924421960561729,0.6765967659625994,63.06047508184207,3.4999243265555857,0.09801575119583596
2814.0549728612523,156203.03425405413,6136.7055154353275,0.03928672413273594,0.4585611882113636,55.90448173622286,3.884134331707938,0.0907960419635683
3165.865559879191,107755.30130491182,7179.20636377069,0.06662508736768238,0.4409770940497667,97.07070358167005,5.084734706052684,0.11584062736760979
709.0268572399898,17500.683494564903,816.4988662038198,0.046655255862286506,0.8683745766071864,63.74137236627249,3.9391993954597835,0.08857315606030257
3233.9518335564726,83176.16516545316,2555.366226968729,0.03072233760579874,1.2655531717630577,91.85775381338979,3.8044558698657034,0.10041377207933527
1267.358556592812,63951.451733597685,2984.6632474872217,0.04667076612928854,0.42462363472991366,53.337367141682996,3.5621058896460727,0.07677954827881134
792.7321684337578,35457.89720457987,881.483020510623,0.02485999142658599,0.899316436038151,52.36007283345483,3.5325932469196446,0.09502779802274312
4769.984917639999,114693.84395028415,3136.542764618658,0.027347089055435633,1.5207778996183832,41.80577680730166,3.0453379418653466,0.07006438810889828
4845.344148835517,113207.93981217219,5647.462314625796,0.049885744091763586,0.8579683898530932,77.79667587180134,4.697357806323306,0.11381531395886485
4137.7880665240755,198774.22961661321,8810.624288693394,0.04432478146531836,0.46963619500085446,61.37452793597815,3.8563394284011348,0.10533531172040692
1870.7619612801682,42860.12980538417,3387.6309320999317,0.07903921307476701,0.5522331088530108,90.13277849069894,4.887831556860612,0.12777453999832908
939.5245130287274,49676.79713987587,2005.3317318783315,0.040367572938164314,0.468513262964579,67.44617458811032,3.7430135918488703,0.088261773507135
3579.048619304706,172687.98310605966,9608.563932298182,0.055641184519463045,0.3724852792282631,96.15521881905386,4.676885547583282,0.11842278755063732
2480.686221828206,57685.75640859955,3418.3714050437807,0.05925850015436713,0.7256924212997957,50.76047991078103,3.6938191239176206,0.0879918819288696
1049.1720568015048,24543.81549527405,390.65438728515625,0.015916611961183352,2.6856784179302378,90.38014374142543,3.937568421579085,0.08996605122590896
2728.2960955007156,162239.71829766346,9969.243916582365,0.061447616041169745,0.2736713153304031,85.04261746192103,4.77429631315064,0.11270344810671956
654.7483450184827,22897.09426477247,628.8118560871495,0.0274625176808826,1.041246819188057,84.71346698935501,3.7061990023274656,0.08727643758627976
4591.941809354519,159917.5230441057,13157.201770526517,0.08227492222286187,0.34900595806328216,88.9974272307795,4.572697571350923,0.1299577268899419
1664.5099172000762,87406.71595984326,2220.689196694879,0.025406390942717908,0.7495465460350861,84.13939147469394,3.429872628910349,0.09345937919464781
3481.350279592919,201535.16958063003,8872.321559837661,0.044023688660891666,0.3923832399573915,76.3207786546221,4.195026644956423,0.10101117034976914
1902.6998424023493,113096.55959781999,2372.1411615430347,0.02097447676550507,0.8021022834765354,47.61220290557848,2.8101736075067993,0.07769254348846004
2840.3060953001486,142399.10797228845,12072.7669152227,0.08478119762921632,0.23526554560734306,41.88651841049261,3.496914018437788,0.08797722059801968
2960.1962570447586,103756.01381152833,5203.742877133556,0.050153650723186984,0.5688590552874052,93.40917517330985,4.566631980302496,0.11695853833569475
1331.8450498648717,31085.301645109077,1761.82012476268,0.05667695121240307,0.7559483690449236,75.76571824220281,4.813020085511501,0.09771347974281736
4863.130824940514,248437.30139297716,4893.060452947616,0.019695353417189924,0.9938832499015883,86.19916287661823,3.8184287566216413,0.10634107672570034
3988.0977051250156,168840.78237863712,11396.28561594691,0.06749723292794245,0.3499471529165994,67.9282963877279,4.471846622376322,0.08754635090855199
4727.745237038851,174779.44808735477,5189.794581128996,0.029693391516691002,0.9109696276283772,46.80387495981888,3.2100349320777912,0.07825413822636275
4526.72307692442,254647.07397368774,19827.78890489711,0.07786380026084996,0.22830196037675185,47.26077594774792,4.016748181431182,0.11110489563748657
3190.549904649883,78002.24275576559,2290.128283836044,0.029359774833740502,1.393175188992296,79.76278665928034,4.036620330134658,0.0866622911996346
4648.434057604026,184566.0936487351,5232.105544408216,0.02834814044645666,0.8884442445110868,64.95774190416884,3.462082273078228,0.08070163757118978
898.2162592336377,18372.246317939105,322.58865980717064,0.01755847674936664,2.7844012240558986,51.63043414861953,3.0738875495289038,0.08138488201057086
1381.9228808861535,53544.57219942216,2572.5321667695434,0.048044686157699946,0.5371839072556682,68.51248371100334,4.025319819380933,0.09731671389330795
703.5228000974213,15654.881528442154,853.7996945798411,0.05453887932838315,0.8239904565011916,43.72411835035778,3.342358507180988,0.0861024358014652
1963.9864884346896,48614.0010540721,952.815206461291,0.019599604759984665,2.0612459531673926,73.75434131103512,3.754265521803504,0.09502435751609312
2249.047803602669,55553.841959241894,3849.1553350917793,0.06928693316865076,0.5842964515094173,55.60161745723566,3.9542697577397012,0.10049426511055433
1721.0706429825316,79114.88454340171,3697.055835964257,0.046730218432361935,0.4655246551161828,86.25842783695691,4.1035970059453035,0.11687112065144496
4229.318791183682,210796.8409014183,10899.739465680119,0.0517073188529306,0.3880201728216063,58.000993617567275,3.9519862550853695,0.09441097839570466
2105.3899701211517,91236.54927912391,4183.505284887076,0.045853392285675976,0.5032597849766984,66.40276864674448,3.6508808162295012,0.09118510232756405
1764.2052935932134,103182.90200661865,4442.376224771271,0.04305341426127282,0.3971309957395715,40.673991314669834,3.3465395726137523,0.08404615607921107
2942.132374212118,102959.40221049628,5577.807410663918,0.05417482319157525,0.5274711293522271,44.201919492084414,3.5499412497721297,0.10177241800167539
1134.1590123864319,35644.897751900724,922.0200548011228,0.025866817215149877,1.230080632715811,62.764626271587716,3.6967819589760462,0.08409248346367186
4109.886413393178,224991.47849310449,6240.131711569792,0.02773496913466898,0.6586217412323304,67.83645241359316,3.7277009309602476,0.07927706914185018
835.4778965589687,24181.933165002218,1821.5039577686498,0.07532499347094622,0.458674763233802,74.80119179091962,4.487341029105947,0.11854901980870536
4940.991214702328,289190.78850121965,23490.413183051773,0.0812280823493543,0.21034075374490352,56.91642956513959,4.496606716171767,0.09731447080435407
3975.101461834958,81434.64004099215,3349.5412862782227,0.04113165213958271,1.1867599537045308,80.30894939533947,4.355833080662631,0.07879816981893813
1394.2205669037758,81973.41164208725,2783.171692536231,0.03395212712004876,0.5009466611933162,89.88709903697386,4.306518166851976,0.11259211432970315
524.8495270562108,11403.08891612612,685.0972174868292,0.06007996802673111,0.7660949623785341,85.23135735581428,4.431558301167557,0.10380952296196866
4169.576428046754,232019.1013966017,10118.67597712759,0.043611391976866754,0.41206739275689114,42.297891870204715,3.0491760090110245,0.07755681989214126
3680.858047314277,151312.87590456457,2538.582912427672,0.01677704489622414,1.449965659697219,67.86940294095407,3.110493773147379,0.08907455853912984
3780.5322561844428,225768.0627630738,5854.319799641201,0.025930681815633325,0.6457679774200487,46.085950348254144,3.072357757058794,0.07733577155143315
3970.7165600867556,91135.3408686296,5934.556232023048,0.06511805601931783,0.6690839895762798,54.03861092002659,3.7400688805849542,0.09905310152920169
833.2009328034067,35122.89491208188,2146.875569354778,0.0611246759337106,0.38809931264615255,97.2264304094945,4.6968673467348605,0.11231839732011145
2113.0957784492266,124191.0794112585,2098.4218301397664,0.016896719475243845,1.0069928496257032,48.26474148828777,3.0323028257664815,0.07915891871730665
1021.4107678630837,41800.12618451589,1276.494399245034,0.03053805133530646,0.8001686246858457,68.93551290017865,3.7885679129605574,0.08792725636485996
4383.965416440171,198049.7828383847,6174.2486724341725,0.031175235761164998,0.7100403059586861,75.85303259045091,3.796807893219003,0.10225249509149506
3304.8415707240106,158070.39901980394,9805.500770838387,0.06203249205191099,0.3370395503463349,80.74296829155803,4.561435984223365,0.11320920343063864
1989.0411118369213,75944.85683038762,1243.956830202174,0.01637973764280549,1.5989631340451362,72.45962364224101,3.4702394510499843,0.07903530845774029
786.0125762871064,35450.99325760872,790.1175835237341,0.02228760073892017,0.9948045615966167,40.566709150312654,2.4522339988965847,0.08188612687361398
1899.4204477204798,82382.75103290795,5848.691405089866,0.07099412597612326,0.3247599020299644,58.934755878151535,3.906460678406159,0.09129945686858743
1963.3249491203617,110037.13918627232,3025.815155854791,0.02749812634380335,0.6488581912617605,70.02727531631326,3.6145655542350394,0.09834638107574041
3783.227802521288,82541.91643569618,5009.652774697919,0.06069222754963123,0.7551876292962072,45.09625695040033,3.3342738931052756,0.08893829556914297
3369.008621098459,105242.86873987097,3333.3357724239295,0.03167279467327086,1.0107018467715267,60.33636201013248,3.630876730950416,0.10408549237601197
4492.457341593469,260636.46879884863,5723.810774269188,0.021960897493154163,0.7848717434526061,41.92578030989926,3.371657037857429,0.06950907761016728
2624.967163228772,145975.87123759347,4674.447139496889,0.03202205336996179,0.561556711391392,44.5575528349912,3.526293595765343,0.07284797975080129
1038.1741067223577,39685.523826259865,2601.730764709314,0.06555868522989614,0.39903210616735385,63.02155001969257,4.070248993014822,0.09728633952190704
3709.6015425034775,166209.8245045203,12448.90855308366,0.07489875276744001,0.2979860866264127,47.6975137344975,4.355273903063511,0.08805633624258774
3923.5327187760386,122003.22025549186,8920.31309363997,0.07311539051968942,0.4398424895616556,72.91736919917037,4.463585669946155,0.11368445769482954
3025.747389062733,83283.23209571962,3564.759447162557,0.042802847073291836,0.8487942689852854,79.98896820996141,3.9717900898052054,0.08467112896359852
3969.3523097955244,153010.33958379124,9450.830446985938,0.06176595955994524,0.4200003726721636,86.43402854832681,4.377169363329761,0.0998533808055161
2722.080183639758,92915.72758298217,2726.97446035995,0.02934890067910747,0.9982052355856879,51.608714166198986,3.1969464032065,0.0690918694876597
2852.297732218973,123636.39481349889,4391.606918408704,0.03552034111827093,0.6494883957538945,49.71398977102605,3.2675264283496994,0.08998757211783268
2423.934582613473,56015.638644522674,4354.852211677346,0.07774350729647839,0.5566054747193943,46.06493473939521,3.980945865089164,0.1080681467583999
614.3860703484283,36233.905280965715,576.4863117615716,0.01591013464575152,1.0657426860163361,76.91295447353093,3.6115241322491003,0.0898763208924693
985.51142146987,58587.10653583549,1229.4854165200773,0.020985597159812765,0.8015641407600029,80.97559213624027,3.7542696491389504,0.09319281719778788
641.4313355903041,30741.538739074127,908.4751166985972,0.02955203786022191,0.7060527292384943,41.83199639988724,3.219387611112517,0.07466533082913072
3363.8468506870117,139410.77995739703,2350.0829658836064,0.01685725427116738,1.4313736576624394,94.300310282134,4.205375984327365,0.11325614547671253
1914.60191484347,61996.92497041893,1717.3446084929076,0.027700480456285814,1.1148618078020287,43.0143344517854,3.3037382221520106,0.06484521346605124
2788.5681102411627,146544.27581393826,8179.062369730292,0.055812909267878456,0.34093982710797166,71.39518744746209,3.787337348537929,0.10196467507618864
4584.049132667418,217234.63615958655,9666.880166561297,0.04449971854147486,0.47420150593405525,81.12551012815315,3.516333111190769,0.11177719793715865
1621.8150311699374,42985.68448549454,3330.832583786115,0.07748701977538824,0.4869098011904402,90.51620917727297,5.068719754643945,0.1225667731383787
2346.723153660334,132442.21967921944,9565.116079727126,0.07222104932169088,0.24534183737028745,81.41704206368081,4.291982583816953,0.1124123562007032
3899.980123443719,206314.75839657665,8031.258879139997,0.03892721461885132,0.4856001010717434,86.50022881804793,4.120465691478494,0.11358876260215557
1529.591744712301,88704.07915423748,2941.3953614623024,0.03315964034019048,0.5200224916217556,59.68811116748275,3.2554241463737985,0.05872843587255441
846.4095942295685,41498.43006937032,1725.4411704145646,0.04157846857170869,0.4905467707289059,87.25985659729771,3.7802429669072914,0.1116082077252003
1803.8815381119562,80338.76464807511,4524.731121896359,0.056320645976036546,0.3986715430188771,44.646661090311156,3.7529855460900654,0.07714343361572341
1225.4957926430197,45012.11910391621,1519.8096635291536,0.033764454857601336,0.8063482040226624,91.89936605151061,4.352938409373216,0.08696262711962219
4683.639435541579,268415.34500242135,15753.410285361006,0.05869042354943938,0.29730955714991386,71.7603578169167,4.076794135393949,0.10577536775023162
4136.5417080398765,226031.21019062467,9868.254937624413,0.043658815653386834,0.41917661574272896,87.40327065782463,3.6307076655158017,0.11927619254234041
3350.3169042969057,73066.21307980178,3919.5129824334526,0.05364330265963862,0.8547788766901447,66.23446050206141,3.8064068816062555,0.09445918195285152
4421.5726558447295,93094.79285507079,4238.499515017793,0.04552885703947217,1.043192913005717,77.32750632139845,4.123761057772292,0.1095839063767101
4116.524346046015,144319.31152683808,5139.586370874763,0.03561260316793424,0.8009446770607298,70.53135433429456,3.394367738114627,0.10912537613084347
1339.5652649871613,70222.86879314292,5715.560881082966,0.08139173148735097,0.2343716203637647,82.43219226180925,4.841378792972198,0.12702597933913132
4516.5154932049,268692.22722899046,18392.62931747723,0.06845240559118326,0.24556116557588487,44.7345389577742,3.839617463504594,0.10377609034573343
2927.0400886204284,76151.85258303578,1889.1692421590878,0.024807922303651676,1.5493794961827676,43.500420871452704,3.148918566003372,0.08096390412468604
4133.480698238282,180902.72773030776,13711.116720999229,0.0757927583128539,0.3014692954883579,54.331987572588496,4.157577601041788,0.09609135642642519
4532.41084965572,159702.37103827854,7844.609831067536,0.04912018387746596,0.5777739042808361,49.253591446564926,3.3262557673490307,0.06826855191220704
1931.0156373733873,113537.1075112114,8812.597677816933,0.0776186558825864,0.21911991310282314,90.56344686234769,5.206555281498631,0.11516304000088504
995.2336603745455,53428.877141211786,3792.9089311714897,0.07098986791631207,0.26239323918255913,52.71441126676657,3.9957133226578,0.08449314118179163
1525.7082314387376,81675.96484594107,3656.2200997025125,0.044764945312846346,0.41729113396725664,96.60018483750962,4.472563910062795,0.1330990216713378
2421.9850488181537,93846.4139966333,1555.3026907074411,0.01657285158240822,1.5572435277640364,59.5399559227242,2.9676035955164055,0.07893697090403362
4181.066446651219,152996.84503864712,5172.427857924512,0.03380741515694623,0.8083373149894281,50.56283910994456,3.2260289212664497,0.08171197608089546
4373.287624653545,135293.26305976367,7158.961165936137,0.052914395026260684,0.610882993116736,85.80251341426379,4.1313739082499605,0.11287068031684114
531.2845873903582,11823.749046891737,701.6623605561018,0.05934347538783031,0.7571798307226985,78.20505097905081,4.235176828020779,0.1051620976675041
2798.3628615990456,152759.5365642136,5049.029280330762,0.033052137980324164,0.5542377962632303,68.89535155428206,4.152876992989809,0.10820336273097401
2378.3495141695057,124901.49908868695,3091.927265446993,0.02475492518509769,0.7692126334109199,72.21108595438261,3.2953610294512727,0.08452663551081434
1499.485147118286,89952.17503853388,6606.547981965466,0.07344511657595094,0.2269695385868045,81.7137031397913,4.261366947013064,0.11300783140903249
1039.3941530015727,62223.823104855386,5221.086047502051,0.08390815264924865,0.19907623501031074,53.250374997215324,4.631618487828106,0.08969796493612331
2019.2682713163258,85247.99022658635,4415.702060019418,0.05179831276118801,0.45729268955873487,97.78736713129103,4.54835226302521,0.10101168899492396
4743.093667606337,240757.0469285925,6504.665555504195,0.027017550009381247,0.7291833265113483,96.53800340451342,3.996187787660178,0.09991037613646957
1954.4131940933985,112946.76819424785,3847.1377969322148,0.03406151285635583,0.5080174657772557,77.71888980812234,4.18410093211644,0.09647941977129602
2834.5577978451474,153026.1414234405,2492.389920267385,0.01628734735832267,1.1372850511051074,51.57346215389042,2.9132017023871346,0.07153725925465845
3663.5853150283,109518.9412304262,8652.09672684876,0.07900091645923493,0.42343323597615856,79.4532380610149,5.105223947792629,0.10444800797564086
2136.3332107068227,81227.1601802221,1887.9284276951787,0.02324257580230988,1.131575317881569,44.1875077207922,3.191133566089072,0.05942210273644995
4873.019372244323,122636.24073052574,6788.670540297504,0.05535615328599775,0.7178164477592648,41.77784512793675,3.372718668739984,0.08084249733627442
4831.0128272395,280981.5665659064,9605.03606488654,0.03418386544810442,0.5029666515152816,54.945607533650396,4.0106893475637895,0.06817532041431154
1633.0203312141387,72256.2267172662,3886.840198164195,0.05379246017610554,0.4201408465378729,66.83213149088034,3.867421820476381,0.1038375765842559
2737.6182765157346,79789.83445591918,4835.218263185196,0.0605994271846305,0.566182978203828,90.35980531368607,4.7511199953372065,0.11322010887294583
1853.9523941754635,86891.09156445069,6350.168346321006,0.07308192625950412,0.2919532669160744,82.17580604644587,4.721505492061344,0.09665454651106946
1781.7822246986043,79690.44095125623,2346.842766051353,0.029449489023242223,0.7592252239789019,83.0769782295989,4.252643096618035,0.09558894287423338
665.9912630953976,22861.154900962836,360.5137374702603,0.015769708006093633,1.8473394877229523,64.67861339798837,3.667186344517709,0.07601651638471528
3243.0395029095357,79591.66035253827,1956.5217255786536,0.02458199410481651,1.6575535351903063,60.06422956772385,3.334122027388691,0.08660488107627107
2762.0556045298767,129438.01244016278,10096.333877796384,0.07800130492936737,0.27357015308340027,61.520248253106956,4.124656328726271,0.11371704489090582
731.6543806249521,29860.50395806535,2274.543427768847,0.07617230542937607,0.3216708776330769,97.28367469669135,5.101768762314469,0.10247017175037018
1753.9090890647515,89261.2316579754,5071.726526452984,0.05681891715192158,0.3458209112649817,42.326333101923986,3.421611326707423,0.08359173579820504
4587.196486849942,187187.6171325389,10676.466667662315,0.05703618023035574,0.4296549251396052,90.28782677510202,5.038022091943047,0.10968222217850153
1578.028508001376,85351.23821978911,5253.587827683404,0.06155256721823789,0.3003715860018687,73.56317369719882,4.333154045451123,0.10931707514829532
1152.0269244105039,48473.00000958985,1322.1490394715856,0.02727598950364147,0.8713290937842579,65.43969431299624,3.4385668979021853,0.08957857972126707
2702.5374212490337,114688.98278793695,9061.44305672807,0.07900883621474719,0.2982458096718287,82.06494430407793,4.777686635652025,0.10542192412948273
4935.427043497703,271774.9368035415,12043.417357694158,0.04431393674244512,0.4098028737951704,68.22679860263277,3.5699484508825945,0.09103972082764702
1589.2487218017518,57434.35961191341,2401.887515064963,0.04181969697746482,0.6616665900604293,90.65854780873632,4.033435059989465,0.09898077921044635
3524.6099633264535,89386.25564391304,4587.681581038207,0.05132423936979863,0.7682769392484348,92.240708112653,4.7376776702831,0.12150176806451736
3927.288268979229,83067.28006099269,1519.1026589956048,0.018287617674253853,2.5852685108035165,64.45981375866042,3.116785839262873,0.08437529004419184
1569.3689479657985,78790.93737956748,2098.9776353381767,0.02663983581292556,0.747682548658004,56.05601223963299,3.0842465874998104,0.10063746494518754
3776.973568753368,169255.1825713592,11282.948753013596,0.06666235314984593,0.3347505737579961,74.35631905841501,4.5162806005358895,0.10400588924185657
2155.0240972366396,103792.83660995726,2158.466151952592,0.020795906754758852,0.9984053237467547,92.91707404576808,4.266844743280242,0.09490494878478387
3345.3762376711074,95405.33456892062,5459.15503450518,0.05722064766264718,0.6128011050293122,52.21840696232866,3.924952273899798,0.07336009455006307
3350.883698424026,85296.27214742999,2744.3595923469825,0.03217443767769247,1.221007519484115,76.132061846682,4.036926055845796,0.07730017164875749
2910.9860783364134,59913.29433765874,2531.378204656839,0.04225069298293836,1.1499609473531969,76.6304927653662,3.765034859514311,0.08281214412404633
906.3039652448374,30835.635093373803,1085.678356856874,0.03520856157394899,0.8347812770889715,82.5205553000863,3.638772322941721,0.10274616816235131
4258.861230151571,185672.32722406712,7407.78557809171,0.039897090152546444,0.5749169148128448,47.63092573738107,3.7744872627547696,0.0856349327204919
1943.5102923728114,69363.41939838722,4531.7350791349545,0.06533321336289719,0.42886670523198384,81.51784795156114,4.403220733484528,0.09269876575948449
1339.333296799344,50223.65511922996,1797.9325269609076,0.03579852009362225,0.7449296771237873,92.72388619860718,4.154324215982481,0.11532427088801213
683.4881369964376,38389.03240587528,2097.89631247183,0.05464832482078281,0.3257969104255315,50.42162031447403,4.057616421759293,0.08181685911808487
3159.018244347088,107186.17984775062,5179.61437958573,0.04832352815393698,0.6098944849635214,53.7775128455849,3.782409740326739,0.08823149627338753
3549.0396282902707,143947.55518791903,8846.582247005708,0.06145698157538537,0.40117635593016837,96.3409154544151,4.8419779099085165,0.13236385002781892
574.6452301753527,29505.803238876764,2377.521025562268,0.08057808175273307,0.24169932631382426,50.4966632571504,4.6831999896783625,0.10343981563876546
2804.418762346764,100571.25599953363,6665.867554858317,0.06628004680471752,0.4207132438901829,89.55433541543559,4.499610616053541,0.11093130881161828
1519.2309883907208,68188.35546589099,2048.7754977407444,0.030045826501352974,0.7415312170933464,68.55211567398601,3.879663855271515,0.08123309510064464
3403.2775568425245,185460.07336938175,3186.7269566854497,0.017182819454289927,1.0679539236026394,54.33940231538427,3.153073116215436,0.05624033321222449
1284.6489305224613,74485.00475808165,2484.706772499459,0.033358483100987754,0.5170223483675642,90.50349427380567,4.234893338518152,0.09711810830215552
3609.2198214610967,93417.2173324365,5292.594966723908,0.05665545514901784,0.6819376589656523,65.8277047901546,4.381754094770229,0.09438195703052116
2240.309058352418,127839.8871673104,2377.797221041616,0.018599806943897526,0.9421783483164431,69.85940652792203,3.6083175498425613,0.07762379072841062
4715.284949315305,187124.44098913757,9308.624572175584,0.04974563730408655,0.5065501259347989,60.83553542518641,3.9565448022949883,0.09011244277541475
1118.8442486569697,33934.29491698847,1926.7553115517187,0.05677899942418225,0.5806882908011318,74.39114938322578,4.4548461995831055,0.10243690828677783
2034.7985797261633,78065.92298232774,2997.502893383046,0.038397072357187256,0.6788312312284863,49.48438460993132,3.3080532322016984,0.07896119265503418
1010.6308455826509,59830.66292202521,4126.153118165811,0.06896385426220754,0.2449329476245671,62.682729125802126,4.000500537812737,0.09179876794590894
4661.121282253533,185068.53292240406,4156.986756205135,0.022461877719364025,1.121274027466139,96.22591469544668,3.790301808688874,0.10616065885274449
4448.027090214415,147452.3845447062,2987.33292421472,0.02025964472150661,1.4889626309004937,54.971739096665395,2.6771635457670944,0.08348034337014532
1660.7373247182002,75291.24410525127,4967.205279440505,0.06597321293425223,0.3343403848421706,78.09072654339495,4.9606267397629935,0.09574240903188419
3469.9282071538055,102730.08639999038,5104.0818967013965,0.049684392134433895,0.6798339598344432,58.861023725032304,3.480203694055175,0.10433125567281225
4177.499900905472,96226.75984436154,6080.392643078854,0.06318816774994153,0.6870444305369994,84.86144128982284,4.422340971469946,0.10888743377603353
2998.4036521975804,75425.41019879557,3427.173279570603,0.04543791370226224,0.8748911734551269,47.590672321664286,3.375788019980761,0.08237427373312571
2883.4276026020293,72436.9883100076,2335.958308741344,0.03224814232673748,1.2343660380461463,96.2496206145556,4.267277428808554,0.11450635929932018
1588.3353090520325,41417.6026468681,2996.031842142133,0.07233716223719398,0.5301463378027346,66.31979340025107,4.4705084515595,0.10382518602394385
918.9624551265465,23482.327479178086,1666.2850945279909,0.07095911152782855,0.5515037361519827,53.69092687409491,4.205013890708021,0.10303365592193797
4537.470910789971,207067.4386959807,13175.442902807134,0.06362875295980988,0.34438849185276543,44.26281134514073,3.586508435545276,0.08851755434704564
4551.881257234987,124153.48703433115,4227.4460491725185,0.03405015960609739,1.0767449671240568,49.84595849507736,3.2594685654507214,0.07399824923247124
3348.9565577297058,113284.11976579665,6379.725105340009,0.0563161466808361,0.524937438907287,70.14688901624902,4.174303458547477,0.10259801266606125
2025.6340597191531,113175.28709306302,4557.362015746194,0.04026817278580187,0.4444751267773685,59.54618423301461,3.6032040024051293,0.0763709003023427
2071.443085756974,80700.24422060193,1727.8523611672206,0.02141074513286439,1.1988542148112973,88.07523522119135,4.268749000528866,0.10035396173033935
3766.800554916077,175918.2854943026,13934.830484332182,0.079211950282357,0.2703154917565256,64.99147637238474,4.52437833243468,0.10242617100169334
4536.9961697865965,122012.5072205285,2998.7385018111095,0.024577304164327296,1.5129682588349886,54.42542781008254,3.40492160180272,0.07794727936262232
4491.888909193028,124387.41462171166,10139.640959637914,0.08151661476745617,0.4430027578958213,75.79440922303374,4.775076437156513,0.10864625484966778
4009.4399563593074,86743.2096479836,4009.3062034729596,0.046220404107056905,1.000033360606439,80.99307857935585,4.406533199947177,0.08364347792475418
3389.142407694295,90684.64761006123,2535.4797230433323,0.027959305018703376,1.336686851364882,49.68843065825509,3.2332076429150116,0.07271360082315445
878.6298424777198,27363.70827753297,1448.4449849196042,0.052933066316485075,0.606602150323637,49.721914544722424,3.307645509554097,0.08664151763319013
1227.329213425762,33236.58980593496,2529.5108339766484,0.07610620851134858,0.4852041734473521,42.12694276214549,3.946869065298888,0.08970659213066585
4543.493848371856,106990.65362584428,7088.745148252463,0.0662557420486693,0.6409447304636041,82.71131687380715,4.323859128492391,0.09922676132962549
3228.930768468155,80159.61040847062,5728.148072949846,0.07145928035030148,0.5636954085939577,78.5006626020647,4.359539387373647,0.12119526007497626
541.3867322748334,20806.115106571106,1271.5623056640006,0.06111483566975022,0.4257650056653144,67.5285907934892,4.288051362968289,0.09018985669487359
956.6219428971444,27027.77336140455,1715.1651866650873,0.06345935951624967,0.5577433301087283,88.96188604021344,4.891412004329473,0.12210951148427032
3485.757960986251,120505.4219435524,8970.868950468895,0.07444369560957236,0.38856413801519807,86.72886887110309,4.738658162647609,0.1186423736242504
522.7771273079841,20982.54393394878,681.4450565444884,0.032476760620143014,0.7671596151257052,73.95055313501163,3.866393578631822,0.08765108696861186
1223.636231378744,58264.409678271295,2870.0901063674573,0.049259747455019834,0.42634070221838605,90.359734269769,4.8456932741430325,0.12674687372446247
2969.3020521496373,64055.22574317549,1952.7018374069849,0.030484660927372155,1.5206121053752926,51.93879018213256,3.3198303237212357,0.06837230406992638
3613.5283896171195,187818.25464886127,15802.419520144265,0.0841367605597653,0.22866931136784113,46.491337925068215,4.770457368663177,0.10232737265907052
3433.8256677617023,154920.53232449203,12561.600266378482,0.08108415377806294,0.2733589347650589,55.6454774679854,4.383202612754612,0.1077183557946399
1509.211892572519,35119.90598514854,623.7252033761561,0.017759876795795413,2.4196743764775266,43.311037653180264,2.4156768301158267,0.06460838353988034
3704.8064960639113,203553.72037781272,13106.877401692169,0.06439026207609819,0.28266126114718987,70.80783262405986,4.480092730436011,0.11572643119790865
1567.6208937356002,89095.57049623715,7106.920425801816,0.07976738221909661,0.2205766773530095,94.32313015310777,5.109551014477351,0.11802362761160409
1964.2986417167047,44084.98697760354,1218.5211263530866,0.027640274158913347,1.6120349489513215,42.28192535877356,3.341205917462945,0.0765481737557367
3859.211323031109,119925.40065357865,6566.655162435603,0.054756166138684066,0.587698185387842,47.08237501258155,3.7774544601968247,0.08727949323686637
3423.348045712466,178863.26393946796,14145.254709440907,0.07908418083116293,0.2420138849410492,66.22754364043925,4.399431532629411,0.10211869301890694
4321.5053472238005,215774.4370686762,3749.343765436869,0.01737621850100592,1.1526031267288355,94.16475101661848,3.6255277800989045,0.10981979889187068
3459.258015351545,94717.39291540632,6044.8089573301595,0.06381941870727881,0.5722692048285034,58.33705408865153,3.9202564728377536,0.10208294527089669
3057.3887150096225,86750.2646467748,3106.911325443342,0.035814430516078556,0.9840605008491342,69.41961890392676,3.5143743622605506,0.0749107807647978
921.5364552264161,32086.871039194186,2557.571771299707,0.07970773367635714,0.3603169481175927,42.41122582492274,3.7873727211168045,0.1024024580266423
2154.721113767451,84854.89852721812,7040.756897935076,0.08297407716157575,0.30603543695698265,48.60390565580116,4.266679528058429,0.07742964666159667
1693.4106545677646,75746.58178522578,6142.945845905898,0.08109865423794038,0.2756675212587745,97.22454713161312,5.490369762052465,0.13298978659376656
1597.9533952058762,55539.3400196485,2676.7182237710376,0.048194995166022464,0.5969822975817879,95.97688439329065,4.5859382071895505,0.12331168055405695
4878.547496386005,187830.85318303932,14151.737260830014,0.07534298556925195,0.344731350396755,40.28651889419576,3.5294082397921005,0.07586514270514105
2268.9397610004216,113217.45648896709,8391.503282034442,0.07411845789745493,0.27038537491346104,95.20508355454785,5.040632567205788,0.11525044462241933
4514.20949829701,96908.01648260793,3618.2578216856973,0.037337033127027894,1.2476196337479073,77.06895639329902,4.181376056309525,0.08638543708922841
3340.123816987683,100529.30234339598,7341.060137411842,0.07302408319054743,0.4549920249209774,90.33926108216129,4.618099986535518,0.11396157130357365
4076.650865937418,197856.10559924273,3480.3946377459106,0.017590534430084483,1.171318568798185,66.37491162676383,3.34411695168467,0.08202176446322622
2761.8669189733646,154135.02440534867,8745.450425120618,0.05673889149374372,0.3158061374449187,69.90456965759651,4.15296270105491,0.10676101456537442
3096.067480818616,125288.86518448286,3896.5612121997506,0.031100618610139213,0.7945640558975777,68.35310165490137,3.4573209510273353,0.10344513403717866
2716.3296221848877,112142.4173393065,2628.5826016391243,0.023439682004409518,1.0333818767920957,78.67812693767405,3.884375709136165,0.10819561887182684
1378.5934450912002,33481.73419503421,682.5828778939369,0.02038672411404464,2.019671881229656,48.09977277586615,2.976503116260597,0.06935420063395005
3751.034518676774,142151.05965504164,9060.73900701488,0.06374021431146978,0.4139877018610403,41.738468212615324,3.7723582019152,0.08207292648356485
1763.475630983851,72839.81542106366,2825.5473052134193,0.03879124746376463,0.6241182470136178,57.859936612289076,3.358141023751018,0.06951895428429333
609.4218489415423,18099.1098843854,1189.720988957302,0.0657336740070133,0.5122393019859666,80.87148423872551,4.3521756403957195,0.10018429208037741
3404.625331582255,104759.39960953765,2050.6593657372123,0.019574943855925966,1.6602588359955588,51.70750022313101,3.2643343417068706,0.08654549962163097
1296.9980573317202,45513.434210983185,1687.197736539598,0.03707032364814272,0.7687291354431474,79.05908113284521,3.866873521058889,0.11471237400963225
4732.063629588114,98440.39999201223,5194.147702834691,0.05276439046627361,0.911037556172229,96.25489867422169,4.956397537189289,0.10123876762561587
4792.678596511643,157598.44886114597,11087.148830920973,0.07035062153872745,0.43227331657579376,45.44624151578627,3.737123421358174,0.08244828877956106
4616.889755992019,131387.0806169314,4902.403465224888,0.037312675205244894,0.9417604627489035,79.01092285705732,4.001291675894385,0.09833629870621859
2165.7141511494997,71684.90902601802,4215.961281994205,0.05881239635059064,0.513694032342984,65.73751271966512,4.2879430035219235,0.09988783812517234
569.5547743799034,14119.539246300863,1087.4649198244206,0.0770184423765331,0.523745422952919,90.3522507538953,4.463906169360295,0.10922084796608064
4677.433531644764,260163.95718398388,15118.237646261461,0.05811042317276132,0.30939013138224025,50.27468778794838,3.3388466089767643,0.09183855006923831
2426.8286674279143,106158.46067071181,3323.520256755909,0.03130716323275436,0.7301982476245665,80.17230522911754,3.518951317157564,0.09275713863658766
4849.946685696513,228743.33539327557,3821.856162060299,0.01670805470895766,1.269002934710653,88.61068679959038,4.1177880571929215,0.09803430578365874
4836.289896901638,249392.23346611363,18930.59660688694,0.0759069211730651,0.25547477437357674,94.78762472949334,4.814922170858669,0.12510749366965254
4338.54254960312,173271.3585349207,2857.046957953688,0.0164888587595271,1.518540861754169,79.62838564079945,4.243165119095472,0.09278791171044719
1825.0200143131356,42845.65090263919,3266.0861393643117,0.07622911708789396,0.5587788981794414,68.83613631248878,4.229649583507488,0.09980655800859577
2232.9397787086637,92631.85807942461,4819.22793844161,0.05202559938190484,0.463339731432319,75.8351399316704,4.210044706641447,0.10001266573431539
4330.115021825856,188245.8820592087,15197.982136279117,0.08073473889590274,0.284913811780936,90.39648909976566,5.313535652962852,0.11757468553657686
1926.1490232032495,95956.08106635664,6804.708840839467,0.07091482650415659,0.2830611960416559,73.09536530505213,4.936776858223688,0.10143155683545696
1262.7173600874162,47056.907308615235,3993.0321153923146,0.08485538773733363,0.3162302039144392,41.76244946241654,4.523455029847933,0.087926125371979
3005.6056810625755,75450.35693621272,2984.0485700736995,0.039549827081619714,1.007224115319391,93.99502433940472,4.574614227609109,0.1242484344331759
4712.696483723515,147747.91821139446,10150.751852772422,0.06870318022517888,0.46427068182504727,79.99255155983055,4.753060114163027,0.11421567948286436
3632.1340850373786,125393.22507767263,5408.85732227657,0.04313516395264695,0.6715159725286718,79.2377763750803,4.2145034546598135,0.09752841183055065
3065.2752654021424,140502.07104206458,6827.177360301592,0.04859129342127362,0.448981343772609,52.509158839067595,3.8431971880572378,0.09305242737493
937.2942219684585,40145.372719014114,2365.5814400735467,0.05892538242528591,0.3962214980598249,78.21535727349412,4.190803845636345,0.10126863419412213
3267.532520146264,111892.95569047818,8521.476359137752,0.07615739799304372,0.38344676232568814,62.84413552794119,4.077952944577185,0.11228494709054425
4955.242325469185,294641.73113097314,24716.26995292238,0.08388584284395066,0.2004850381917475,77.77151266840654,4.752457888151959,0.11552508237621006
1130.3780685643583,49997.74418286961,3438.80179536591,0.06877913897051627,0.3287127714332483,46.18239575786346,3.8094255284848373,0.08727015770583067
2832.483435636815,83527.30703599507,3695.555005387065,0.04424367475171337,0.7664568465380335,78.15502766697608,3.9365511206835473,0.10464328828380243
4448.178823675799,107073.44204677366,4764.231750203736,0.04449499015939491,0.9336613029971892,97.96599609469865,4.6068037643112465,0.09641933318395265
3833.45877989392,100108.34396560657,6670.295152012414,0.0666307611112224,0.5747060201282658,42.79629825391225,3.9423245345982645,0.07439933259661602
3636.570834478706,108509.12475188362,3441.3018081432533,0.03171440020378116,1.0567427785245054,96.6761026848364,4.226545920592825,0.09558073160804562
3661.1783779419916,96754.8943394763,2199.5471951214254,0.022733187919197626,1.6645145810294275,63.6006617219265,3.738136052710681,0.08640978435655224
2117.710180488898,58157.99905685666,2316.0580435257425,0.039823551034854354,0.9143597184054598,90.50370011956103,3.929781572337941,0.12357443537704384
1821.1632991902202,57191.46030387156,2007.805121781669,0.03510672941578572,0.9070418634922954,85.37835807537985,3.9942277715457033,0.12407203513188994
4142.125199653312,111567.90951406218,3987.6120727030343,0.03574156843191931,1.0387482844702944,72.88694313722672,3.611354745164625,0.10083514742631941
4145.510276056313,231612.2168411602,7261.631889053729,0.031352542573493694,0.5708786040649217,82.83005413657693,3.5089463137842474,0.10411224000343883
4401.8254336104665,102163.50636369934,1833.4797447652902,0.01794652327454533,2.400803960980741,90.95390255547818,3.7915343889789233,0.08194572117412312
4609.58248650412,188902.79034348184,3069.892385341368,0.016251175431338968,1.5015453012342452,63.44013865575991,3.246825839632442,0.07751269782551744
2801.04079487422,102002.34607688356,8582.535262955134,0.08414056728152221,0.32636519502161265,58.96792337066785,4.717088644940176,0.092745086687775
2756.823326092398,163466.23796776932,7346.846110800482,0.04494411936151037,0.3752390188273626,78.72041636268791,4.291411440474799,0.09450700964355468
4092.3283053504883,100186.56493271836,4198.104135363393,0.04190286530117772,0.9748039051433038,86.855064632593,3.9118141140202254,0.1030024601840612
3424.8376884999434,123000.38777770198,7696.787369297162,0.06257530978851489,0.44496976779711733,84.21253781704371,4.956737443735691,0.10457920984980941
3658.850947659665,215062.9314938977,6511.626437802544,0.030277772150554494,0.5618950937385783,86.27319163380079,4.334957790813337,0.08105424852168894
4081.067012462455,222909.04347073357,18166.481371467926,0.08149728287651578,0.22464818194634728,65.26383225915012,4.602959732548976,0.11108658677962015
4505.024038179048,237337.65358563067,16624.114447894684,0.07004415100908865,0.270993324324086,87.43438453815125,4.656137212676165,0.10274644576821927
2020.978205831911,61268.20382384863,1302.4866633210775,0.021258770161858166,1.551630632960821,46.97212521149529,2.7803065784686023,0.07695337481656611
2190.123286879748,58773.06112086221,2599.570948880259,0.04423065430494499,0.8424941384358534,71.58036768172927,3.8169020965918334,0.11695824359802079
922.9187292839106,43142.50862075654,3302.0534706979397,0.07653828152935153,0.27949842044466877,40.33400230889105,4.137665552471998,0.07796803992827585
3102.2606344827827,177371.87451781597,14390.400397525658,0.08113124156039872,0.2155784793184905,58.825978134215674,4.797913681753122,0.07433208412118571
661.7402320853394,27972.1008832885,1334.7756690471278,0.04771810578749088,0.49576887519814,61.254769022541076,4.187621997750884,0.08820825093097079
2595.1910815960705,111241.58778549853,6445.203799888006,0.05793879724474954,0.40265461918227713,62.978016113336814,3.885443388370174,0.10617804519141266
2941.9008561840947,91784.84653779535,2449.955655673376,0.026692376226445266,1.2007975937733888,80.337097988012,3.5113292830402525,0.11579344620294671
1789.4356345772799,90867.03569990743,7667.524381005791,0.08438180382958836,0.2333785385815167,62.53636987368005,4.478063833453457,0.09054086712856037
3158.7496725605483,86807.96863163395,2709.886014531695,0.031217019096841037,1.1656393131009324,66.02423011210678,3.1333172100432636,0.09394663602868158
637.2511247257224,20995.62079247314,1700.4610306000545,0.0809912241894588,0.3747519721171445,53.77755959071099,4.25646269780559,0.0919107984434637
668.0668493714649,24730.136233600744,1495.5615528338546,0.060475265429465797,0.4466996681651671,61.64860391450172,3.9731972871868684,0.0940722584344994
4201.702522968462,169347.1628115073,9744.502578595173,0.05754157564152014,0.43118696814734747,53.181638381262786,3.683314151459928,0.11561488919138406
2120.8578863506827,62981.82143584092,3205.0312592510368,0.0508881957711556,0.6617276758936487,44.24536357856973,3.085418581557724,0.06678397359453697
1071.7723069334816,26358.603281535714,820.9884331496814,0.031146886820243108,1.3054657820472333,75.00001841611993,3.8724505986912696,0.09688147371069061
2850.0946702466194,126614.89054527885,3463.798779717746,0.027356962240385578,0.8228233946311583,78.75634231619094,3.6692447437900495,0.10013782577948456
3964.9709889437486,125075.8905836909,3806.5639860165466,0.030434034634912274,1.0416141705509514,75.93044006855764,3.479098736049972,0.10554633768100175
1471.1946237357943,63628.47433338398,1784.8218674332086,0.028050678350097818,0.8242809271782128,66.8826545404332,2.8571326625531177,0.08952462776399822
3303.007141185501,86454.588859049,6014.724692903562,0.06957091314967273,0.5491535040801676,62.02757525039533,4.129297724165319,0.10116832449018004
884.063592471956,34695.60972656283,1370.7808002206796,0.039508768141671105,0.6449343267206779,90.07335167516587,4.675258356208281,0.10198015577338293
732.5677452587347,30257.66849529246,576.3779446928838,0.019048987359437747,1.2709850402917044,70.10674353790066,3.8823563970135893,0.09047001174302279
2891.095842056666,63814.98931425288,5286.25401879331,0.0828371841098568,0.5469082325174783,67.7925489025244,4.336551783394671,0.10209476181949759
2932.858047245479,98145.66358644143,7543.967604161228,0.0768650119474398,0.3887686428594582,41.48723981677327,3.714228714752219,0.0941675663728564
3368.4345567419296,85479.37284422033,6833.448425225726,0.07994265982366491,0.49293334011380374,59.79237400231707,4.373623302789015,0.09616211898805337
3767.411001751977,84898.602474832,7186.118898499706,0.08464354758525047,0.5242622693786105,62.05134588957971,4.117174051151879,0.10639487574834483
4891.334357581406,291515.7470447566,7921.2604495340565,0.02717266744536411,0.617494449114992,63.13172129202023,3.58754580089249,0.08573820487197158
2823.351567355379,92871.76068520425,3969.054986984557,0.04273694132318612,0.7113410060112034,73.64999741518528,4.135158568790025,0.10827158335378868
1953.3041282356069,102343.32650232746,6967.1952495276755,0.0680766932992864,0.28035731141136405,70.94894771015895,4.657320282362306,0.10247843937999643
4078.3378764591666,123107.18261756015,7844.567352526874,0.06372144326376547,0.5198932832344746,75.25849538201979,4.2927701961571465,0.0865412055262727
1718.745130679334,81228.08202827023,2093.4680817032654,0.025772713443789855,0.8210037428805442,84.36322916944344,3.8400678200949656,0.11096896654194294
2475.3713931753628,124781.27973014158,8997.768292732015,0.07210831874934326,0.2751094841122831,87.15317284553342,4.517291478962343,0.10486707632349683
853.0537160401968,37385.547964524914,1148.1415829188152,0.030710840028566246,0.7429865172826129,81.65113842113668,3.7127690937729674,0.09166627167476368
614.0783453695587,23864.95593061375,731.872164955795,0.030667233037583615,0.8390513736871643,95.42037436538621,4.127038549345186,0.10049578159007189
4831.917866050663,176237.61616256624,9268.02069860884,0.05258820960253895,0.5213538060802939,41.057489795228975,3.558387806966159,0.09415533768960722
4261.910542304926,144712.02456830797,8177.068057808663,0.056505795438919225,0.5212027724576694,51.35512316964567,3.959684208093188,0.0664080703936762
3631.8839274216407,207675.35691097964,11548.003071294486,0.055606034548646786,0.31450320068320875,40.438646748732246,3.342543701614898,0.11232248375043331
2340.288249864215,124561.3186034761,2666.1202561309724,0.02140407861784284,0.8777879559192879,77.55353342096697,4.05662606640308,0.10351391172859355
1279.824440318806,74999.08983983035,5731.599972312022,0.07642226038412664,0.22329270125293624,92.08577183909924,4.850493536770951,0.12041053035998912
1203.9666920198872,30065.32251988366,1009.9544037189548,0.03359200298120943,1.1921000468798602,54.12197320142536,3.3657151441484032,0.08200184480905519
1626.093041740679,80060.20146934254,1926.7323704232522,0.024066044489796292,0.8439641471241122,93.76800359818579,3.8642830200177407,0.10633615625442693
2971.519991177542,170962.2968625261,13200.403367597104,0.07721236559082842,0.2251082719541512,43.495508636794526,3.351557300705867,0.09447223914311861
3715.6816521502806,101249.80819159286,8291.914285437855,0.08189560487608274,0.4481090281740743,94.19728955471983,5.20311447455593,0.12753921105515728
3470.8881952297907,78649.80828180349,5926.179151093355,0.07534893320858155,0.5856873555011286,60.3941158598988,4.3687941199847105,0.10439719413854823
1759.7025362567429,87360.1261742533,6260.761742577413,0.07166612523074148,0.28106844000939624,45.88240805005456,3.8325457335330695,0.08992508921180765
4796.893762984373,206165.33500428486,12548.652796376327,0.06086693864473153,0.3822636454145557,68.18056203280689,4.176890400216079,0.09719503461003033
3820.536125130958,205060.2126138105,10983.028256796788,0.05356001594263975,0.34785817133509056,54.89304092778946,3.921965420206619,0.08749109650293047
2994.593236301303,76634.32127269986,1616.146810477053,0.02108907319379871,1.8529215396077547,56.52262831379153,2.8025807939858827,0.07829121614288773
3252.7433580545853,168526.885822299,7346.37764753866,0.04359172491494891,0.4427683293880745,57.822817965724624,3.5488337539364707,0.0991089092225901
2388.2002809250544,67025.06251370866,2753.93891826805,0.04108819619086198,0.8671943539063646,86.57550207429448,4.358775865930932,0.1102073273246439
1614.7894527552087,42866.58467191412,1422.4317996575585,0.03318276486322284,1.135231547230566,71.27135404716476,3.398579307832524,0.0633137555406229
2101.877053930677,55848.20153528423,3665.8428843063457,0.06563940795820095,0.5733680139235963,58.05584655104821,4.067410841114292,0.10108433808338682
3910.307497089661,205615.65536021267,10221.421827584596,0.04971130145551396,0.3825600354871273,75.39935943203326,3.7979713395059567,0.10210036804306188
564.7706988339014,26322.769944476502,544.1768119016648,0.020673235113535356,1.0378441096383173,81.53673910494523,3.85421437945123,0.09493692643256876
1022.3268822811231,41836.291442953065,1272.3597741773387,0.030412824136486792,0.8034888425658712,55.81219204254496,3.382529862238548,0.07872597793558414
707.0118890978874,24288.13451980043,1525.9776712487821,0.06282811345617172,0.4633173226704589,63.98584788847039,3.6851799980234006,0.10848106996979388
683.2796104353656,37640.52196072622,765.2001996082457,0.020329160164321014,0.8929422793997958,47.069393413542954,3.347345432028774,0.08381564871865066
4349.572628049533,155270.1924512888,11580.74718198473,0.07458448398341382,0.37558652820051414,50.50666227301146,3.830310609752697,0.08495056588059494
3666.4603672101066,193090.38657254315,9588.918200370783,0.04966025689097821,0.3823643387705959,79.504835529969,4.01594197851127,0.1066715012565202
2633.7822308929635,98939.07338414117,4812.50144567093,0.04864106041286536,0.5472792601989084,50.52342416634636,3.6425848907583736,0.07518980527825457
940.2537229295067,32982.01058276246,1862.446146348012,0.056468544926166236,0.5048488112116468,70.45947625268948,4.402744768714307,0.08542006758157426
2712.2714380257457,104441.95546545682,7595.819822127357,0.07272766761476045,0.3570742199709157,81.1246831799011,4.348901523844749,0.10422593794646914
2630.6229685125454,84324.92168935794,3317.9027206836727,0.039346644553153516,0.7928571721266411,46.19886153949514,3.3497578697209893,0.08814724501347071
1279.4084145950683,63848.07756500933,3988.0231163995604,0.062461130679134454,0.32081268770330873,72.9041087384764,4.4009529528982005,0.11201205490058704
2452.332421570879,98360.14889575944,5370.585848396542,0.054601237479705376,0.4566228882279304,54.8806414546791,3.957996257761727,0.09443961031769199
2293.2713047881807,67166.49451127248,2262.972116657319,0.033691978911859495,1.0133891124454584,95.84975876377962,4.2653300009632815,0.11486840680030559
3271.3254412349743,183138.55633834715,14010.850253041779,0.07650409904486107,0.23348514773575316,68.04564750975564,4.343065624137376,0.1089404010904613
3357.921428904397,118721.49092278349,8407.834796847632,0.07081982151248498,0.399380043737704,86.74756788695916,4.4700738532230035,0.10687967123369146
703.8680439742003,29380.94044543934,1794.9294965018532,0.06109162842608979,0.39214244645595947,71.91313944506318,4.257484415266247,0.10579459764160425
2185.7567658191206,122968.23729906639,9166.141072871762,0.07454072103659694,0.23845986532850957,42.517926905579515,3.6249515417944544,0.09587706770660362
3316.369620714064,149135.549444065,11291.141044946376,0.07571059406718617,0.2937143028780413,76.7227797844533,3.846191866685646,0.11628975938896356
2764.1131636103946,68207.03979709801,4405.179519007994,0.06458540837005244,0.6274689037492047,95.1813938479861,4.822030511986168,0.12837359253455383
4354.20428534745,250772.92811274854,18454.613747312116,0.07359093298545705,0.23594123100959688,74.89348556848721,4.753156648224598,0.11409640970874006
3464.1213422852525,156260.70138046594,9973.027106238063,0.06382300231684987,0.3473490350907065,87.51295384675383,4.008717783447386,0.11516915507852307
1233.2049218664336,41184.38853156154,2578.548553996686,0.06260985402322103,0.4782554588530034,91.28397487420764,4.376462644493808,0.12425484351465517
817.5593633019344,20905.714748135473,1218.8616321262634,0.0583027964750629,0.6707565007815771,53.22862677303809,3.928590069753366,0.08916280241385113
3390.8867519284204,175515.71483833255,11880.687656961672,0.06769016476903489,0.28541165712251326,52.29860071467715,4.484604011834416,0.08286746334723957
619.3008974372982,27746.482517663848,724.248602450813,0.02610235737051516,0.855094363098005,75.43689735335752,3.719068925841032,0.09146217598373142
3135.990115730585,129636.95077719523,9938.092209251874,0.07666095314392499,0.3155525275576667,63.83965124878887,4.144892254187639,0.09385305024438632
4731.0360864123095,263782.2444398619,20055.112645028235,0.07602904694216625,0.23590174586155502,88.71195556626978,4.7944044741768925,0.1092841046726679
3089.633800441455,159251.73995815628,2714.8137492334986,0.01704730981241914,1.1380647388108238,92.20134115708464,4.232222181594497,0.09898981093082133
2246.7646679293484,58566.40379042611,4264.054265789537,0.0728071725395334,0.5269080850952387,60.49843999955765,3.9962383707794635,0.09021701655159499
3394.796982990589,110225.2650711684,2647.709047203805,0.024020890723141165,1.2821639094279522,53.73849242051996,3.013696497970278,0.07636974737286392
2562.138007211825,76709.29892415713,2950.1107495163465,0.038458319798139934,0.8684887533906558,85.27047988414398,3.973845674336267,0.08376363720039051
2955.275551921707,147048.16265374716,9858.929050196268,0.06704557794041255,0.2997562450115081,55.93875006179189,3.7907728703179764,0.09580986049292828
4736.591639494363,101085.01079074258,2653.8042697344713,0.026253192723381575,1.7848308157135822,87.71163047379335,3.9283786682086776,0.10051499085491272
2237.461870103484,95753.49500466413,6918.926520127485,0.07225769168833436,0.32338280564110655,64.57681871162825,4.679627979251189,0.09225251242279536
4825.357537207614,243672.58138608237,17848.868544969642,0.07324939245704194,0.270345289677622,78.7178941589053,4.667484826890752,0.11579801091677981
4574.077888802287,251897.33028698876,12726.543668184844,0.05052274136325854,0.3594124224189046,45.54104820241076,3.4944550922435695,0.0918571527066896
1381.060106551834,46518.62038427783,718.5736417194329,0.01544701102017835,1.9219465151089816,76.18384083124124,3.425680905151384,0.0742688091611085
812.1258539382445,42921.088673156075,1506.215571757774,0.03509266932224389,0.539183015476651,66.20252536675929,3.3132956043429904,0.0826220682310666
953.5010061984199,23289.519024139157,1355.0979695031651,0.05818488428630196,0.7036399047575967,74.0232908641775,4.404546433634846,0.0941780163065241
581.9982154319738,31345.313238151237,2623.0708652372496,0.08368303246191965,0.22187666492164468,49.74482404920208,4.161460342804189,0.08555277315700849
924.9933234016778,23216.912926693345,1375.0668688861103,0.05922694689116679,0.6726897028294921,82.73867720676256,4.332494813147414,0.11570603881072505
3573.5304803736058,128259.33929877281,4256.4465853136935,0.033186250674491186,0.8395572242592214,90.04223049750726,4.9121052014257485,0.10204295211312366
820.3489180710304,42569.39398943274,2527.7876095171187,0.0593803992169728,0.32453237565625265,52.57090840526499,3.9145607776662628,0.08671151639514472
1935.3903363219258,50313.75633192096,2656.51484222645,0.05279897658010989,0.7285448985859446,45.55144422016938,3.3425745062763697,0.06313193586206706
4301.938899362545,125487.7977826284,8732.592654130272,0.06958917766058006,0.4926302038522143,41.37103799068751,3.6261648185658126,0.09205355639467878
604.7237108112164,29565.004348287803,664.8768788714314,0.02248864471788709,0.9095273576630917,77.23434702570943,3.977364885234729,0.08069461768225705
4165.10817165021,203263.365923195,13877.187000530117,0.06827195317514197,0.30014066766493097,75.21145409314929,4.4611610132655946,0.10620778471109545
1768.3464864802997,80717.77628672107,4269.055066934819,0.052888660507327726,0.4142243327280321,71.70844993741606,3.7444822903762818,0.10166543749422986
1031.7417242974532,49273.85707266991,4060.630981309095,0.08240944027012963,0.2540840891591762,53.45293157472658,4.454011975146532,0.11040117698426134
3635.317244138678,151625.3659914568,5902.934950725404,0.03893105162270803,0.6158491114139651,62.672547762519855,3.5124858443796736,0.0761946401531332
3330.2428105094777,100146.93643490683,5937.064162854718,0.059283532519376375,0.5609241738273884,74.47962744079803,4.697389149270387,0.07227771466208346
4448.624060871738,150487.3417953746,12075.400372305323,0.08024196738570123,0.36840385608038007,68.81247781383182,4.736626250029684,0.10719857235154641
3807.819697117486,103816.04846187099,2302.1915691506147,0.02217568095934755,1.653997759414247,97.29156017246346,3.922928960544692,0.12303275220639089
4115.6641867318185,231868.38136252563,18689.981381603397,0.08060599410655159,0.22020697092736963,47.913505648290524,4.419047902400079,0.10531936515033417
1769.1555765708792,76667.54541286462,4841.708870928085,0.06315200056105694,0.3653989993478806,80.31838413476044,4.4580580980040265,0.10923322480191959
1298.4779470087528,46789.4279279671,924.0254220687744,0.019748594137362033,1.4052405009611393,63.450488550048945,3.5488819701892087,0.07907850951491749
3877.7663823838625,149217.35060117554,5381.889285127475,0.03606744968627714,0.7205213962873289,64.83557766568566,3.787377126539503,0.09779280747166764
4130.756326702688,239134.99246531606,15441.435782743298,0.06457204620516971,0.2675111553628354,81.62067040817422,4.303936558082417,0.09860855410941075
4957.273139003029,129553.65443989138,2554.090975028657,0.01971454210281402,1.9409148646114334,80.16129677681343,3.480455311776192,0.09877471839049445
2356.7795461014193,102400.17001849474,5709.007337403121,0.05575193221233913,0.4128177469068479,97.49284763472693,4.920474468433817,0.12027598983620415
2174.0813860675244,87475.35412875083,3430.0673145178976,0.03921181398670698,0.633830530632923,47.446868788339266,3.293026121610901,0.09083376454400445
3993.858323338986,177559.6299680415,10380.861519855192,0.0584640862437234,0.3847328389556147,46.03835966428165,3.5797845196931,0.11275884206079678
2033.6159311385802,42145.48495612798,767.1296881954767,0.0182019423668759,2.650941506282029,82.01165139346699,3.389801489531653,0.09859173321793063
4688.407965216042,257323.0665582852,19558.502648802307,0.07600757643066634,0.23971200911451895,73.54644118637174,4.641004278204994,0.10184050138394796
4362.857383293553,249925.1128993324,20779.830530444084,0.08314422784241779,0.20995635055356318,55.90131866046874,4.816395217599281,0.09822831642708663
2430.4731231875826,103551.10301315191,8576.252487186803,0.08282144986999841,0.28339570538749737,44.60632340136122,3.777086334591502,0.07391946995292507
3878.9198050617383,185668.50321918094,12528.098895753541,0.06747562822200473,0.3096175914109775,44.96817847659297,3.8193877314627827,0.08027646424166661
3895.4429333810704,221650.6064858417,5343.117678716845,0.02410603680914424,0.7290580458105435,91.86307073051887,4.379354684170546,0.09825682909992355
